id_ipm,id_kab_kota,NAMA_KAB_KOTA,PROVINSI,2010,2011,2012,2013,2014,2015,2016,2017,2018,2019,2020,2021,2022,2023,2024
IPM001,1,Simeulue,Aceh,"60,6","61,03","61,25","61,68","62,18","63,16","63,82","64,41","64,74","65,7","66,03","66,41","67,27","68,06","69,01"
IPM002,2,Aceh Singkil,Aceh,"62,36","63,13","64,23","64,87","65,27","66,05","66,96","67,37","68,02","68,91","68,94","69,22","69,62","70,14","70,75"
IPM003,3,Aceh Selatan,Aceh,"61,22","61,52","61,69","62,27","62,35","63,28","64,13","65,03","65,92","66,9","67,12","67,44","67,87","68,44","69,1"
IPM004,4,Aceh Tenggara,Aceh,"63,82","64,27","64,99","65,55","65,9","66,77","67,48","68,09","68,67","69,36","69,37","69,44","70,32","71,05","71,7"
IPM005,5,Aceh Timur,Aceh,"61,75","62,35","62,93","63,27","63,57","64,55","65,42","66,32","66,82","67,39","67,63","67,83","68,72","69,32","69,87"
IPM006,6,Aceh Tengah,Aceh,"69,17",70,"70,18","70,51","70,96","71,51","72,04","72,19","72,64","73,14","73,24","73,37","73,95","74,6","75,41"
IPM007,7,Aceh Barat,Aceh,"66,05","66,47","66,66","66,86","67,31","68,41","69,26","70,2","70,47","71,22","71,38","71,67","72,34","72,88","73,69"
IPM008,8,Aceh Besar,Aceh,"69,76","69,94","70,1","70,61","71,06","71,7","71,75",72,"72,73","73,55","73,56","73,58",74,"74,53","75,13"
IPM009,9,Pidie,Aceh,"66,75","66,95","67,3","67,59","67,87","68,68","69,06","69,52","69,93","70,41","70,63","70,7","71,2","71,66","72,31"
IPM010,10,Bireuen,Aceh,"66,42","67,03","67,57","68,23","68,71","69,77","70,21","71,11","71,37","72,27","72,28","72,33","73,16","73,63","74,45"
IPM011,11,Aceh Utara,Aceh,"63,56","64,22","64,82","65,36","65,93","66,85","67,19","67,67","68,36","69,22","69,33","69,46","70,22","70,87","71,7"
IPM012,12,Aceh Barat Daya,Aceh,"60,91","61,75","62,15","62,62","63,08","63,77","64,57","65,09","65,67","66,56","66,75","66,99","67,41","68,07","68,75"
IPM013,13,Gayo Lues,Aceh,"60,93","61,91","62,85","63,22","63,34","63,67","64,26","65,01","65,88","66,87","67,22","67,56","68,25","68,93","69,83"
IPM014,14,Aceh Tamiang,Aceh,"64,67","64,89","65,21","65,56","66,09","67,03","67,41","67,99","68,45","69,23","69,24","69,48","70,43","71,35","72,32"
IPM015,15,Nagan Raya,Aceh,"63,57","64,24","64,91","65,23","65,58","66,73","67,32","67,78","68,15","69,11","69,18","69,31","70,1","70,78","71,72"
IPM016,16,Aceh Jaya,Aceh,"64,75","65,17","66,42","66,92","67,3","67,53","67,7","68,07","68,83","69,74","69,75","69,84","70,36","70,88","71,83"
IPM017,17,Bener Meriah,Aceh,"67,29","68,24","69,14","69,74",70,"70,62","71,42","71,89","72,14","72,97","72,98","73,27","73,9","74,49","75,01"
IPM018,18,Pidie Jaya,Aceh,"68,38","68,69","68,9","69,26","69,89","70,49","71,13","71,73","72,12","72,87","73,2","73,6","74,34","74,8","75,16"
IPM019,19,Kota Banda Aceh,Aceh,"80,36","80,87","81,3","81,84","82,22","83,25","83,73","83,95","84,37","85,07","85,41","85,71","86,28","86,69","87,17"
IPM020,20,Kota Sabang,Aceh,"69,7","70,15","70,84","71,07","71,5","72,51","73,36","74,1","74,82","75,77","75,78","76,11","76,85","77,52","78,32"
IPM021,21,Kota Langsa,Aceh,"71,79","72,15","72,75","73,4","73,81","74,74","75,41","75,89","76,34","77,16","77,17","77,44","77,82","78,36","78,81"
IPM022,22,Kota Lhokseumawe,Aceh,"71,55","72,35","73,55","74,13","74,44","75,11","75,78","76,34","76,62","77,3","77,31","77,57","78,04","78,92","79,55"
IPM023,23,Kota Subulussalam,Aceh,"58,97","59,34","59,76","60,11","60,39","61,32","62,18","62,88","63,48","64,46","64,93","65,27","66,2","67,1","68,04"
IPM024,24,Nias,Sumatera Utara,"54,72","55,55","56,5","57,43","57,98","58,85","59,75","60,21","60,82","61,65","61,93","62,74","63,69","64,56","65,55"
IPM025,25,Mandailing Natal,Sumatera Utara,"60,76","61,6","62,26","62,91","63,42","63,99","64,55","65,13","65,83","66,52","66,79","67,19","68,05","68,56","69,33"
IPM026,26,Tapanuli Selatan,Sumatera Utara,"64,2","65,14","65,95","66,75","67,22","67,63","68,04","68,69","69,1","69,75","70,12","70,33","70,92","71,55","72,14"
IPM027,27,Tapanuli Tengah,Sumatera Utara,"64,39","65,16","65,43","65,64","66,16","67,06","67,27","67,96","68,27","68,86","69,23","69,61","70,31","70,91","71,52"
IPM028,28,Tapanuli Utara,Sumatera Utara,"68,43","69,24","69,83","70,5","70,7","71,32","71,96","72,38","72,91","73,33","73,47","73,76","74,14","74,65","75,23"
IPM029,29,Toba Samosir / Toba,Sumatera Utara,"70,9","71,39","71,89","72,36","72,79","73,4","73,61","73,87","74,48","74,92","75,16","75,39","75,96","76,38","76,91"
IPM030,30,Labuhan Batu,Sumatera Utara,"66,88","67,88","68,64","69,45","70,06","70,23","70,5",71,"71,39","71,94","72,01","72,09","72,92","73,69","74,18"
IPM031,31,Asahan,Sumatera Utara,"65,06","65,87","66,23","66,58","67,51","68,4","68,71","69,1","69,49","69,92","70,29","70,49","71,13","71,56","72,09"
IPM032,32,Simalungun,Sumatera Utara,"68,8","69,03","69,79","70,28","70,89","71,24","71,48","71,83","72,49","72,98","73,25","73,4","73,77","74,29","74,97"
IPM033,33,Dairi,Sumatera Utara,"65,91","66,62","66,95","67,15","67,91",69,"69,61","70,36","70,89","71,42","71,57","71,84","72,56","73,27","73,92"
IPM034,34,Karo,Sumatera Utara,"70,36","71,12","71,4","71,62","71,84","72,69","73,29","73,53","73,91","74,25","74,43","74,83","75,36","75,98","76,55"
IPM035,35,Deli Serdang,Sumatera Utara,"70,06","70,25","70,88","71,39","71,98","72,79","73,51","73,94","74,92","75,43","75,44","75,53","76,19","76,52","76,92"
IPM036,36,Langkat,Sumatera Utara,"64,57","65,77","66,18","67,17",68,"68,53","69,13","69,82","70,27","70,76",71,"71,35","71,86","72,21","72,73"
IPM037,37,Nias Selatan,Sumatera Utara,"54,54","55,5","55,97","56,78","57,78","58,74","59,14","59,85","60,75","61,59","61,89","62,35","63,17","64,12","65,02"
IPM038,38,Humbang Hasundutan,Sumatera Utara,"63,4","64,06","64,54","64,92","65,59","66,03","66,56","67,3","67,96","68,83","68,87","69,41","70,32","70,75","71,59"
IPM039,39,Pakpak Bharat,Sumatera Utara,"61,76","63,11","63,88","64,73","65,06","65,53","65,81","66,25","66,63","67,47","67,59","67,94","68,85","69,58","70,36"
IPM040,40,Samosir,Sumatera Utara,"65,14","65,81","66,31","66,8","67,8","68,43","68,82","69,43","69,99","70,55","70,63","70,83","71,67","72,08","72,88"
IPM041,41,Serdang Bedagai,Sumatera Utara,"64,67","65,28","66,14","67,11","67,78","68,01","68,77","69,16","69,69","70,21","70,24","70,56","71,21","71,75","72,47"
IPM042,42,Batu Bara,Sumatera Utara,"63,45","63,95","64,45","65,06","65,5","66,02","66,69","67,2","67,67","68,35","68,36","68,58","69,51","70,31","70,83"
IPM043,43,Padang Lawas Utara,Sumatera Utara,"64,25","65,22","65,65","66,13","66,5","67,35","68,05","68,34","68,77","69,29","69,85","70,11","70,93","71,63","72,32"
IPM044,44,Padang Lawas,Sumatera Utara,"62,45","63,28","64,05","64,62","65,5","65,99","66,23","66,82","67,59","68,16","68,25","68,64","69,58","70,34","71,27"
IPM045,45,Labuhan Batu Selatan,Sumatera Utara,"65,32","65,77","67,06","67,78","68,59","69,67","70,28","70,48","70,98","71,39","71,4","71,69","72,16","72,82","73,67"
IPM046,46,Labuhan Batu Utara,Sumatera Utara,"66,72","67,37","67,84","68,28","69,15","69,69","70,26","70,79","71,08","71,43","71,61","71,87","72,77","73,63","74,4"
IPM047,47,Nias Utara,Sumatera Utara,-,"57,53","57,87","58,29","59,18","59,88","60,23","60,57","61,08","61,98","62,36","62,82","63,75","64,64","65,62"
IPM048,48,Nias Barat,Sumatera Utara,-,"55,43","56,2","56,58","57,54","58,25","59,03","59,56","60,42","61,14","61,51","61,99","62,93","63,7","64,67"
IPM049,49,Kota Sibolga,Sumatera Utara,"68,37","69,17","69,71","70,45","71,01","71,64",72,"72,28","72,65","73,41","73,63","73,94","74,74","75,2","75,66"
IPM050,50,Kota Tanjung Balai,Sumatera Utara,"63,47","64,13","64,89","65,4","66,05","66,74","67,09","67,41",68,"68,51","68,65","68,94","69,86","70,59","71,1"
IPM051,51,Kota Pematang Siantar,Sumatera Utara,"72,52","73,61","74,51","75,05","75,83","76,34","76,9","77,54","77,88","78,57","78,75","79,17","79,7","80,46","81,17"
IPM052,52,Kota Tebing Tinggi,Sumatera Utara,"69,96","70,84","71,34","71,85","72,13","72,81","73,58","73,9","74,5","75,08","75,17","75,42","76,17","76,98","77,45"
IPM053,53,Kota Medan,Sumatera Utara,"77,02","77,54","77,78",78,"78,26","78,87","79,34","79,98","80,65","80,97","80,98","81,21","81,76","82,19","82,76"
IPM054,54,Kota Binjai,Sumatera Utara,"70,54","70,85","71,54","72,02","72,55","73,81","74,11","74,65","75,21","75,89","75,89","76,01","76,95","77,6","78,1"
IPM055,55,Kota Padangsidimpuan,Sumatera Utara,"70,23","71,08","71,38","71,68","71,88","72,8","73,42","73,81","74,38","75,06","75,22","75,48","76,05","76,44","76,96"
IPM056,56,Kota Gunungsitoli,Sumatera Utara,-,"63,71","64,34","65,25","65,91","66,41","66,85","67,68","68,33","69,3","69,31","69,61","70,23","70,68","71,41"
IPM057,57,Kepulauan Mentawai,Sumatera Barat,"55,66","55,9","56,1","56,33","56,73","57,41","58,27","59,25","60,28","61,26","61,09","61,35","62,19","63,13","63,99"
IPM058,58,Pesisir Selatan,Sumatera Barat,"65,09","65,8","66,49","67,31","67,75","68,07","68,39","68,74","69,4","70,08","69,9","70,03","70,84","71,44","72,02"
IPM059,59,Solok,Sumatera Barat,"64,53","65,28","65,62","66,15","66,44","67,12","67,67","67,86","68,6","69,08","69,08","69,24","70,02","70,63","71,02"
IPM060,60,Sijunjung,Sumatera Barat,"62,51","62,92","63,7","64,48","64,95","65,3","66,01","66,6","66,97","67,66","67,74","67,86","68,69","69,65","70,23"
IPM061,61,Tanah Datar,Sumatera Barat,"66,47","66,92","67,29","68,12","68,51","69,49","70,11","70,37","71,25","72,14","72,33","72,46","73,29","73,98","74,9"
IPM062,62,Padang Pariaman,Sumatera Barat,"65,16","65,89","66,2","67,15","67,56","68,04","68,44","68,9","69,71","70,59","70,61","70,76","71,63","72,61","73,1"
IPM063,63,Agam,Sumatera Barat,"66,12","66,94","67,95","68,73","69,32","69,84","70,36","71,1","71,7","72,37","72,46","72,57","73,29","73,98","74,66"
IPM064,64,Lima Puluh Kota,Sumatera Barat,"64,64","65,2","65,87","66,3","66,78","67,65","68,37","68,69","69,17","69,67","69,47","69,68","70,28","70,7","71,14"
IPM065,65,Pasaman,Sumatera Barat,"60,88","61,57","62,26","62,91","63,33","64,01","64,57","64,94","65,6","66,46","66,64","66,77","67,41","68,13","68,89"
IPM066,66,Solok Selatan,Sumatera Barat,"64,51","64,81","65,12","65,86","66,29","67,09","67,47","67,81","68,45","68,94","69,04","69,23","69,71","70,58","71,5"
IPM067,67,Dharmasraya,Sumatera Barat,"66,56","67,4","67,76","68,71","69,27","69,84","70,25","70,4","70,86","71,52","71,51","71,76","72,3","73,04","74,06"
IPM068,68,Pasaman Barat,Sumatera Barat,"61,77","62,55","63,33","63,92","64,56","65,26","66,03","66,83","67,43","68,21","68,49","68,76","69,57","70,19","70,93"
IPM069,69,Kota Padang,Sumatera Barat,"78,44","78,68",79,"79,23","79,83","80,36","81,06","81,58","82,25","82,68","82,82","82,9","83,29","83,58","83,99"
IPM070,70,Kota Solok,Sumatera Barat,"74,38","74,68","75,02","75,54","76,2","76,83","77,07","77,44","77,89","78,38","78,29","78,41","79,23","79,58",80
IPM071,71,Kota Sawah Lunto,Sumatera Barat,"67,55","67,97","68,59","69,07","69,61","69,87","70,67","71,13","71,72","72,39","72,64","72,88","73,73","74,42","75,13"
IPM072,72,Kota Padang Panjang,Sumatera Barat,"73,27","73,76","74,22","74,54","75,05","75,98","76,5","77,01","77,3",78,"77,93","77,97","78,78","79,26","80,17"
IPM073,73,Kota Bukittinggi,Sumatera Barat,"76,12","76,3","76,92","77,67","78,02","78,72","79,11","79,8","80,11","80,71","80,58","80,7","81,42","81,78","82,51"
IPM074,74,Kota Payakumbuh,Sumatera Barat,"74,89","75,39","75,89","76,34","76,49","77,42","77,56","77,91","78,23","78,95","78,9","79,08","79,53","79,97","80,61"
IPM075,75,Kota Pariaman,Sumatera Barat,"72,56","73,07","73,47","74,51","74,66","74,98","75,44","75,71","76,26","76,7","76,9","77,07","77,65","78,13","78,88"
IPM076,76,Kuantan Singingi,Riau,"65,07","65,72","66,31","66,65","67,47","68,32","68,66","69,53","69,96","70,78","70,31","70,6","71,09","71,67","72,33"
IPM077,77,Indragiri Hulu,Riau,"65,1","65,93","66,5","66,68","67,11",68,"68,67","68,97","69,66","70,05","69,83","70,01","70,46","71,04","71,48"
IPM078,78,Indragiri Hilir,Riau,"61,98","62,82","63,04","63,44","63,8","64,8","65,35","66,17","66,51","66,84","66,54","66,63","67,37","67,98","68,38"
IPM079,79,Pelalawan,Riau,"65,95","66,58","67,25","68,29","68,67","69,82","70,21","70,59","71,44","71,85","71,56","72,08","72,93","73,59","74,08"
IPM080,80,Siak,Riau,"69,78","70,2","70,45","70,84","71,45","72,17","72,7","73,18","73,73","74,07","73,68","73,98","74,5","74,98","75,45"
IPM081,81,Kampar,Riau,"68,62","69,64","70,08","70,46","70,72","71,28","71,39","72,19","72,5","73,15","72,83","73,02","73,84","74,24","74,85"
IPM082,82,Rokan Hulu,Riau,"63,59","64,2","64,99","66,07","67,02","67,29","67,86","68,67","69,36","69,93","69,38","69,67","70,31","71,02","71,82"
IPM083,83,Bengkalis,Riau,"69,29","69,72","70,26","70,6","70,84","71,29","71,98","72,27","72,94","73,44","73,46","73,58","74,38","74,97","75,28"
IPM084,84,Rokan Hilir,Riau,"64,13","64,76","65,09","65,46","66,22","66,81","67,52","67,84","68,73","69,4","69,15","69,34","70,1","70,78","71,2"
IPM085,85,Kepulauan Meranti,Riau,"59,71","60,38","61,49","62,53","62,91","63,25","63,9","64,7","65,23","65,93","65,5","65,7","66,52","67,28","67,92"
IPM086,86,Kota Pekanbaru,Riau,"77,34","77,71","77,94","78,16","78,42","79,32","79,69","79,97","80,66","81,35","81,32","81,58","82,06","82,38","82,89"
IPM087,87,Kota Dumai,Riau,"69,55","70,43","71,07","71,59","71,86","72,2","72,96","73,46","74,06","74,64","74,4","74,75","75,26","75,66","76,19"
IPM088,88,Kerinci,Jambi,"65,16","65,85","66,71","67,49","67,96","68,89","69,68","70,03","70,59","70,95","71,21","71,45","71,99","72,54","73,11"
IPM089,89,Merangin,Jambi,"63,85","64,4","65,31","65,82","66,21","67,15","67,86","68,3","68,81","69,07","69,19","69,53","69,98","70,81","71,66"
IPM090,90,Sarolangun,Jambi,"64,64","65,2","66,16","67,13","67,67","68,1","68,73","69,03","69,41","69,72","69,86","70,25","70,89","71,29","72,01"
IPM091,91,Batang Hari,Jambi,"65,67","66,32","66,97","67,24","67,68","68,05","68,7","68,92","69,33","69,67","69,84","70,11","70,51","71,02","71,67"
IPM092,92,Muaro Jambi,Jambi,"62,84","63,39","64,17","65,14","65,71","66,66","67,55","67,86","68,34","69,01","69,18","69,55","70,18","71,04","71,91"
IPM093,93,Tanjung Jabung Timur,Jambi,"57,21","57,77","58,63","59,41","59,88","61,12","61,88","62,61","63,32","63,92","64,43","64,91","65,77","66,65","67,54"
IPM094,94,Tanjung Jabung Barat,Jambi,"61,49","61,98","62,86","63,54","64,04","65,03","65,91","66,15","67,13","67,54","67,54","68,16","68,79","69,35","69,93"
IPM095,95,Tebo,Jambi,"63,62","64,45","65,23","65,91","66,63","67,29","68,05","68,16","68,67","69,02","69,14","69,35","69,78","70,63","71,32"
IPM096,96,Bungo,Jambi,"66,28","66,7","67,2","67,54","67,93","68,34","68,77","69,04","69,42","69,86","69,92","70,15","70,55","71,06","71,92"
IPM097,97,Kota Jambi,Jambi,"72,23","72,96","73,78","74,21","74,86","75,58","76,14","76,74","77,41","78,26","78,37","79,12","79,58","80,15","81,04"
IPM098,98,Kota Sungai Penuh,Jambi,"69,91","70,55","71,23","72,09","72,48","73,03","73,35","73,75","74,67","75,36","75,42","75,7","76,17","76,65","77,4"
IPM099,99,Ogan Komering Ulu,Sumatera Selatan,"64,13","64,62","65,09","65,51","66,21","67,18","67,47","68,28","69,01","69,45","69,32","69,6","70,24","71,01","71,55"
IPM100,100,Ogan Komering Ilir,Sumatera Selatan,"61,04","61,68","62,29","63,52","63,87","64,73","65,44","66,11","66,57","66,96","66,82","67,17","68,02","68,65","69,33"
IPM101,101,Muara Enim,Sumatera Selatan,"62,12","62,82","63,34","64,34","65,02","65,82","66,71","67,63","68,28","68,88","68,74","68,86","69,43","70,24",71
IPM102,102,Lahat,Sumatera Selatan,"62,31","62,93","63,66","64,15","64,52","65,25","65,75","66,38","66,99","67,62","67,44","67,58","68,4","69,1","69,77"
IPM103,103,Musi Rawas,Sumatera Selatan,"59,69","60,63","61,37","62,23","63,19","64,11","64,75","65,31","66,18","66,92","66,79","67,01","67,78","68,26","68,95"
IPM104,104,Musi Banyuasin,Sumatera Selatan,"61,79","62,56","63,27","64,18","64,93","65,76","66,45","66,96","67,57","67,83","67,69","68,1","68,6","69,17","70,12"
IPM105,105,Banyu Asin,Sumatera Selatan,"60,31","61,04","61,69","62,42","63,21","64,15","65,01","65,85","66,4","66,9","66,74","67,13","67,93","68,65","69,51"
IPM106,106,Ogan Komering Ulu Selatan,Sumatera Selatan,"58,88","59,74","60,63","61,58","61,94","62,57","63,42","63,96","64,84","65,43","65,3","65,34","65,87","66,67","67,65"
IPM107,107,Ogan Komering Ulu Timur,Sumatera Selatan,"63,36","64,27","65,18","66,09","66,74","67,17","67,38","67,84","68,58","69,34","69,28","69,58","70,23","70,96","71,55"
IPM108,108,Ogan Ilir,Sumatera Selatan,"61,62","62,47","63,03","63,64","64,49","65,35","65,45","65,63","66,43","67,22","67,06","67,17","67,96","68,76","69,4"
IPM109,109,Empat Lawang,Sumatera Selatan,"61,11","61,86","62,3","62,74","63,17","63,55",64,"64,21","64,81","65,1","65,25","65,39",66,"66,68","67,25"
IPM110,110,Penukal Abab Lematang Ilir,Sumatera Selatan,-,-,-,"59,69","59,89","60,83","61,66","62,58","63,49","64,33","64,7","64,88","65,75","66,64","67,48"
IPM111,111,Musi Rawas Utara,Sumatera Selatan,-,-,-,"60,56","61,34","62,32","63,05","63,18","63,75","64,32","64,49","64,93","65,74","66,6","67,4"
IPM112,112,Kota Palembang,Sumatera Selatan,"73,33","74,08","74,74","75,49","76,02","76,29","76,59","77,22","77,89","78,44","78,33","78,72","79,47","80,02","80,57"
IPM113,113,Kota Prabumulih,Sumatera Selatan,"69,39","70,32","70,95","71,87","72,2","73,19","73,38","73,58","74,04","74,4","74,55","74,67","75,52","76,46","77,08"
IPM114,114,Kota Pagar Alam,Sumatera Selatan,"61,97","62,71","63,33","64,14","64,75","65,37","65,96","66,81","67,62","68,44","68,31","68,68","69,6","70,45","71,19"
IPM115,115,Kota Lubuklinggau,Sumatera Selatan,"70,72","71,62","72,04","72,55","72,84","73,17","73,57","73,67","74,09","74,81","74,78","74,89","75,53","76,19","76,82"
IPM116,116,Bengkulu Selatan,Bengkulu,"65,84","66,5","66,77","67,61","68,28","68,57","68,71","69,04","69,85","70,27","70,63","70,75","71,42","71,91","72,35"
IPM117,117,Rejang Lebong,Bengkulu,"64,19","64,92","65,51","66,11","66,55","67,51","68,34","68,61","69,4","70,1","70,44","70,77","71,45","72,31","72,92"
IPM118,118,Bengkulu Utara,Bengkulu,"63,5","64,61","65,47","66,67","67,27","67,46","67,63","67,8","68,36","68,8","68,82","69,28","69,77","70,28","71,11"
IPM119,119,Kaur,Bengkulu,"61,39","61,85","62,32","63,17","63,75","64,47","64,95","65,28","66,2","66,78","66,99","67,17","67,77","68,38","68,98"
IPM120,120,Seluma,Bengkulu,"60,27","61,01","61,55","62,1","62,94","63,41","64,04",65,"65,99","66,69","66,89","67,03","67,76","68,27","68,97"
IPM121,121,Mukomuko,Bengkulu,"62,95","63,71","64,16","64,79","65,31","65,77","66,52","67,07","67,47","68,12","68,45","68,64","69,12","69,97","70,63"
IPM122,122,Lebong,Bengkulu,"61,87","62,43","62,84","63,15","63,9","64,72","65,58","65,87","66,28","66,84","67,01","67,46","68,12","68,71","69,27"
IPM123,123,Kepahiang,Bengkulu,"62,6","63,44","63,86","64,44","65,22","65,45","66,35","66,6","67,14","67,67","68,17","68,62","69,09","69,6","70,27"
IPM124,124,Bengkulu Tengah,Bengkulu,"61,7","62,54","63,12","63,71","64,1","64,68","65,44","65,8","66,65","67,3","67,61","67,96","68,47","68,99","69,84"
IPM125,125,Kota Bengkulu,Bengkulu,"74,92","75,31","75,71","76,16","76,49","77,16","77,94","78,82","79,67","80,35","80,36","80,54","80,99","81,45","82,04"
IPM126,126,Lampung Barat,Lampung,"60,93","61,92","62,51","63,21","63,54","64,54","65,45","66,06","66,74","67,5","67,8","67,9","68,39","69,11","69,84"
IPM127,127,Tanggamus,Lampung,"60,09","60,63","61,14","61,89","62,67","63,66","64,41","64,94","65,67","66,37","66,42","66,65","67,22","67,86","68,52"
IPM128,128,Lampung Selatan,Lampung,"61,07","61,95","62,68","63,35","63,75","65,22","66,19","66,95","67,68","68,22","68,36","68,49",69,"69,63","70,28"
IPM129,129,Lampung Timur,Lampung,"63,23","64,1","65,1","66,07","66,42","67,1","67,88","68,05","69,04","69,34","69,37","69,66","70,58","71,21","71,84"
IPM130,130,Lampung Tengah,Lampung,"64,14","64,71","65,6","66,57","67,07","67,61","68,33","68,95","69,73","70,04","70,16","70,23","70,8","71,6","72,37"
IPM131,131,Lampung Utara,Lampung,"61,82","62,67","62,93",64,"64,89","65,2","65,95","66,58","67,17","67,63","67,67","67,89","68,33","68,95","69,62"
IPM132,132,Way Kanan,Lampung,"61,27","62,04","62,79","63,92","64,32","65,18","65,74","65,97","66,63","67,19","67,44","67,57","68,04","68,63","69,31"
IPM133,133,Tulangbawang,Lampung,"63,21","63,67","64,11","64,91","65,83","66,08","66,74","67,07","67,7","68,23","68,52","68,73","69,53","70,02","70,66"
IPM134,134,Pesawaran,Lampung,"58,64","59,44","59,98","60,94","61,7","62,7","63,47","64,43","64,97","65,75","65,79","66,14","66,7","67,67","68,52"
IPM135,135,Pringsewu,Lampung,-,"64,86","65,37","66,14","66,58","67,55","68,26","68,61","69,42","69,97","70,3","70,45","70,98","71,61","72,29"
IPM136,136,Mesuji,Lampung,-,"57,32","57,67","58,16","58,71","59,79","60,72","61,87","62,88","63,52","63,63","64,04","64,94","65,64","66,46"
IPM137,137,Tulang Bawang Barat,Lampung,-,"60,13","60,77","61,46","62,46","63,01","63,77","64,58","65,3","65,93","65,97","66,22","67,13","67,81","68,46"
IPM138,138,Pesisir Barat,Lampung,-,-,-,"58,95","59,76","60,55","61,5","62,2","62,96","63,79","63,91","64,3","65,14",66,"66,73"
IPM139,139,Kota Bandar Lampung,Lampung,"71,11","72,04","72,88","73,93","74,34","74,81","75,34","75,98","76,63","77,33","77,44","77,58","78,01","78,56","79,19"
IPM140,140,Kota Metro,Lampung,"71,37","72,23","72,86","74,27","74,98","75,1","75,45","75,87","76,22","76,77","77,19","77,49","77,89","78,36","78,93"
IPM141,141,Bangka,Kep. Bangka Belitung,"66,41","67,37","67,99","69,34","69,79","70,03","70,43","71,09","71,8","72,39","72,4","72,46","72,95","73,66","73,98"
IPM142,142,Belitung,Kep. Bangka Belitung,"66,79","67,17","67,87","69,27","69,56","70,29","70,81","70,93","71,7","72,46","72,51","72,57","73,38","74,02","74,47"
IPM143,143,Bangka Barat,Kep. Bangka Belitung,"63,16",64,"64,92","65,85","66,43","67,23","67,6","67,94","68,68","69,05","69,08","69,6","70,12","70,45","70,67"
IPM144,144,Bangka Tengah,Kep. Bangka Belitung,"65,1","66,09","66,88","67,67","68,09","68,66","68,76","68,99","69,52","70,33","70,45","70,89","71,4","71,71","71,9"
IPM145,145,Bangka Selatan,Kep. Bangka Belitung,"59,98","60,53","61,17","62,96","63,54","63,89","64,57","65,02","65,98","66,54","66,9","67,06","67,95","68,51","68,86"
IPM146,146,Belitung Timur,Kep. Bangka Belitung,"64,99","65,86","66,59","67,71","68,1","68,83","69,3","69,57","70,22","70,84","70,92","71,42","72,29","72,86","73,19"
IPM147,147,Kota Pangkal Pinang,Kep. Bangka Belitung,"74,68","75,02","75,69","76,14","76,28","76,61","76,73","76,86","77,43","77,97","78,22","78,57","79,24","79,93","80,4"
IPM148,148,Karimun,Kepulauan Riau,"66,4","66,82","67,67","68,52","68,72","69,21","69,84","70,26","70,56","71,1","71,44","71,7","72,65","73,51","74,28"
IPM149,149,Bintan,Kepulauan Riau,"69,87","70,47","71,01","71,31","71,65","71,92","72,38","72,91","73,41","73,98","74,13","74,57","74,99","75,7","76,18"
IPM150,150,Natuna,Kepulauan Riau,"66,29","67,76","68,8","69,39","70,06","70,87","71,23","71,52","72,1","72,63","72,72","73,09","73,47","74,21","74,56"
IPM151,151,Lingga,Kepulauan Riau,"57,36","58,51","59,38","60,13","60,75","61,28","62,44","63,45","64,06","64,98","65,29","65,83","66,57","67,44","68,19"
IPM152,152,Kepulauan Anambas,Kepulauan Riau,"63,03","63,71","64,32","64,86","65,12","65,86","66,3","67,06","67,53","68,48","68,8","69,23","69,61","70,26","70,93"
IPM153,153,Kota Batam,Kepulauan Riau,"76,98","77,82","78,39","78,65","79,13","79,34","79,79","80,26","80,54","81,09","81,11","81,12","81,67","82,11","82,86"
IPM154,154,Kota Tanjung Pinang,Kepulauan Riau,"73,76","74,86","75,91","76,7","77,29","77,57","77,77",78,"78,33","78,73","78,91","78,93","79,64","80,23","80,63"
IPM155,155,Kep. Seribu,DKI Jakarta,"64,96","65,79","66,92","67,62","68,48","68,84","69,52","70,11","70,91","71,4","71,63","72,1","72,79","73,39","74,17"
IPM156,156,Kota Jakarta Selatan,DKI Jakarta,"80,26","81,22","81,72","82,72","82,94","83,37","83,94","84,13","84,44","84,75","84,72","84,9","85,21","86,07","86,94"
IPM157,157,Kota Jakarta Timur,DKI Jakarta,"78,06","78,82","79,52","79,88","80,4","80,73","81,28","81,61","82,06","82,69","82,66","82,97","83,45","84,13","84,65"
IPM158,158,Kota Jakarta Pusat,DKI Jakarta,"77,3","77,97","78,44","78,81","79,03","79,69","80,22","80,49","81,01","81,24","81,39","81,56","82,11","82,53","83,01"
IPM159,159,Kota Jakarta Barat,DKI Jakarta,"76,65","77,41","78,05","78,79","79,38","79,72","80,34","80,47","80,88","81,21","81,38","81,76","82,51","83,02","83,64"
IPM160,160,Kota Jakarta Utara,DKI Jakarta,"75,15","76,12","76,89","77,16","77,29","78,3","78,78","79,47","79,87","80,17","80,29","80,51","80,81","81,11","81,39"
IPM161,161,Bogor,Jawa Barat,"64,35","64,78","65,66","66,74","67,36","67,77","68,32","69,13","69,69","70,65","70,4","70,6","71,2","71,78","72,39"
IPM162,162,Sukabumi,Jawa Barat,"60,69","61,14","62,27","63,63","64,07","64,44","65,13","65,49","66,05","66,87","66,88","67,07","67,64","68,49","68,97"
IPM163,163,Cianjur,Jawa Barat,"58,58","59,38","60,28","61,68","62,08","62,42","62,92","63,7","64,62","65,38","65,36","65,56","65,94","66,55","67,24"
IPM164,164,Bandung,Jawa Barat,"67,28","67,78","68,13","68,58","69,06","70,05","70,69","71,02","71,75","72,41","72,39","72,73","73,16","73,74","74,27"
IPM165,165,Garut,Jawa Barat,"60,23","60,55","61,04","61,67","62,23","63,21","63,64","64,52","65,42","66,22","66,12","66,45","67,41","68,11","68,79"
IPM166,166,Tasikmalaya,Jawa Barat,"60,21","61,05","61,69","62,4","62,79","63,17","63,57","64,14",65,"65,64","65,67","65,9","66,84","67,76","68,36"
IPM167,167,Ciamis,Jawa Barat,"64,64","65,48","66,29","67,2","67,64","68,02","68,45","68,87","69,63","70,39","70,49","70,93","71,45","72,05","72,56"
IPM168,168,Kuningan,Jawa Barat,"64,4","65,04","65,6","66,16","66,63","67,19","67,51","67,78","68,55","69,12","69,38","69,71","70,16","70,72","71,26"
IPM169,169,Cirebon,Jawa Barat,"63,64","64,17","64,48","65,06","65,53","66,07","66,7","67,39","68,05","68,69","68,75","69,12","70,06","70,95","71,44"
IPM170,170,Majalengka,Jawa Barat,"62,3","62,67","63,13","63,71","64,07","64,75","65,25","65,92","66,72","67,52","67,59","67,81","68,56","69,13","69,74"
IPM171,171,Sumedang,Jawa Barat,"66,04","66,16","67,36","68,47","68,76","69,29","69,45","70,07","70,99","71,46","71,64","71,8","72,69","73,18","73,73"
IPM172,172,Indramayu,Jawa Barat,"60,86","61,47","62,09","62,98","63,55","64,36","64,78","65,58","66,36","66,97","67,29","67,64","68,55","69,25","69,83"
IPM173,173,Subang,Jawa Barat,"63,54","64,21","64,86","65,48","65,8","66,52","67,14","67,73","68,31","68,69","68,95","69,13","69,87","70,7","71,36"
IPM174,174,Purwakarta,Jawa Barat,"64,93","65,51","66,3","67,09","67,32","67,84","68,56","69,28","69,98","70,67","70,82","70,98","71,56","72,09","72,65"
IPM175,175,Karawang,Jawa Barat,"64,58","65,21","65,97","66,61","67,08","67,66","68,19","69,17","69,89","70,86","70,66","70,94","71,74","72,35","72,9"
IPM176,176,Bekasi,Jawa Barat,"67,58","68,66","69,38","70,09","70,51","71,19","71,83","72,63","73,49","73,99","74,07","74,45","75,22","75,76","76,44"
IPM177,177,Bandung Barat,Jawa Barat,"61,34","62,36","63,17","63,93","64,27","65,23","65,81","66,63","67,46","68,27","68,08","68,29","69,04","69,61","70,03"
IPM178,178,Pangandaran,Jawa Barat,-,-,-,"64,73","65,29","65,62","65,79","66,6","67,44","68,21","68,06","68,28","69,03","69,38","69,85"
IPM179,179,Kota Bogor,Jawa Barat,"71,25","71,72","72,25","72,86","73,1","73,65","74,5","75,16","75,66","76,23","76,11","76,59","77,17","77,85","78,52"
IPM180,180,Kota Sukabumi,Jawa Barat,"67,94","68,67","69,74","70,81","71,19","71,84","72,33","73,03","73,55","74,31","74,21","74,6","75,4","76,32","76,85"
IPM181,181,Kota Bandung,Jawa Barat,"77,49","78,13","78,3","78,55","78,98","79,67","80,13","80,31","81,06","81,62","81,51","81,96","82,5","83,04","83,52"
IPM182,182,Kota Cirebon,Jawa Barat,"70,74","71,49","71,97","72,27","72,93","73,34","73,7",74,"74,35","74,92","74,89","75,25","75,89","76,46","77,08"
IPM183,183,Kota Bekasi,Jawa Barat,"76,77","77,48","77,71","78,63","78,84","79,63","79,95","80,3","81,04","81,59","81,5","81,95","82,46","83,03","83,54"
IPM184,184,Kota Depok,Jawa Barat,"76,66","76,96","77,28","78,27","78,58","79,11","79,6","79,83","80,29","80,82","80,97","81,37","81,86","82,38","82,91"
IPM185,185,Kota Cimahi,Jawa Barat,"73,76","74,41","74,99","75,85","76,06","76,42","76,69","76,95","77,56","78,11","77,83","78,06","78,77","79,46","80,08"
IPM186,186,Kota Tasikmalaya,Jawa Barat,"66,58","67,18","67,84","68,63","69,04","69,99","70,58","71,51","72,03","72,84","73,04","73,31","73,83","74,47","75,04"
IPM187,187,Kota Banjar,Jawa Barat,"66,81","67,15","67,53","68,01","68,34","69,31","70,09","70,79","71,25","71,75","71,7","71,92","72,55","73,08","73,64"
IPM188,188,Cilacap,Jawa Tengah,"64,18","64,73","65,72","66,8","67,25","67,77","68,6","68,9","69,56","69,98","69,95","70,42","70,99","71,83","72,38"
IPM189,189,Banyumas,Jawa Tengah,"66,87","67,45","68,06","68,55","69,25","69,89","70,49","70,75","71,3","71,96","71,98","72,44","73,17","73,86","74,52"
IPM190,190,Purbalingga,Jawa Tengah,"63,61","64,33","64,94","65,53","66,23","67,03","67,48","67,72","68,41","68,99","68,97","69,15","69,54","70,24","70,69"
IPM191,191,Banjarnegara,Jawa Tengah,"60,7","61,58","62,29","62,84","63,15","64,73","65,52","65,86","66,54","67,34","67,45","67,86","68,61","69,14","69,6"
IPM192,192,Kebumen,Jawa Tengah,"63,08","64,05","64,47","64,86","65,67","66,87","67,41","68,29","68,8","69,6","69,81","70,05","70,79","71,37","71,93"
IPM193,193,Purworejo,Jawa Tengah,"68,16","69,11","69,4","69,77","70,12","70,37","70,66","71,31","71,87","72,5","72,68","72,98","73,6","74,28","75,11"
IPM194,194,Wonosobo,Jawa Tengah,"62,5","63,07","64,18","64,57","65,2","65,7","66,19","66,89","67,81","68,27","68,22","68,43","68,89","69,37","69,82"
IPM195,195,Magelang,Jawa Tengah,"63,28","64,16","64,75","65,86","66,35","67,13","67,85","68,39","69,11","69,87","69,87","70,12","70,85","71,45","71,99"
IPM196,196,Boyolali,Jawa Tengah,"68,76","69,14","69,51","69,81","70,34","71,74","72,18","72,64","73,22","73,8","74,25","74,4","74,97","75,41","75,96"
IPM197,197,Klaten,Jawa Tengah,"70,76","71,16","71,71","72,42","73,19","73,81","73,97","74,25","74,79","75,29","75,56","76,12","76,95","77,59","78,16"
IPM198,198,Sukoharjo,Jawa Tengah,"71,53","72,34","72,81","73,22","73,76","74,53","75,06","75,56","76,07","76,84","76,98","77,13","77,94","78,65","79,3"
IPM199,199,Wonogiri,Jawa Tengah,"63,9","64,75","65,75","66,4","66,77","67,76","68,23","68,66","69,37","69,98","70,25","70,49","71,04","71,97","72,55"
IPM200,200,Karanganyar,Jawa Tengah,"70,31",71,"72,26","73,33","73,89","74,26","74,9","75,22","75,54","75,89","75,86","75,99","76,58","77,31","78,11"
IPM201,201,Sragen,Jawa Tengah,"67,67","68,12","68,91","69,95","70,52","71,1","71,43","72,4","72,96","73,43","73,95","74,08","74,65","75,1","75,53"
IPM202,202,Grobogan,Jawa Tengah,"64,56","65,41","66,39","67,43","67,77","68,05","68,52","68,87","69,32","69,86","69,87","70,41","70,97","71,49","72,02"
IPM203,203,Blora,Jawa Tengah,"63,02","63,88","64,7","65,37","65,84","66,22","66,61","67,52","67,95","68,65","68,84","69,37","69,95","70,63","71,39"
IPM204,204,Rembang,Jawa Tengah,"64,53","65,36","66,03","66,84","67,4","68,18","68,6","68,95","69,46","70,15","70,02","70,43",71,"71,89","72,53"
IPM205,205,Pati,Jawa Tengah,"65,13","65,71","66,13","66,47","66,99","68,51","69,03","70,12","70,71","71,35","71,77","72,28","73,14","73,59","74,1"
IPM206,206,Kudus,Jawa Tengah,"69,22","69,89","70,57","71,58",72,"72,72","72,94","73,84","74,58","74,94",75,"75,16","75,89","76,71","77,22"
IPM207,207,Jepara,Jawa Tengah,"66,76","67,63","68,45","69,11","69,61","70,02","70,25","70,79","71,38","71,88","71,99","72,36","73,15","73,85","74,32"
IPM208,208,Demak,Jawa Tengah,"66,02","66,84","67,55","68,38","68,95","69,75","70,1","70,41","71,26","71,87","72,22","72,57","73,36","74,07","74,57"
IPM209,209,Semarang,Jawa Tengah,"69,58","70,35","70,88","71,29","71,65","71,89","72,4","73,2","73,61","74,14","74,1","74,24","74,67","75,13","75,67"
IPM210,210,Temanggung,Jawa Tengah,"63,08","64,14","64,91","65,52","65,97","67,07","67,6","68,34","68,83","69,56","69,57","69,88","70,77","71,33","71,87"
IPM211,211,Kendal,Jawa Tengah,"66,23","66,96","67,55","67,98","68,46","69,57","70,11","70,62","71,28","71,97","72,29","72,5","73,19","73,86","74,34"
IPM212,212,Batang,Jawa Tengah,"61,64","62,59","63,09","63,6","64,07","65,46","66,38","67,35","67,86","68,42","68,65","68,92","69,45","70,2","70,74"
IPM213,213,Pekalongan,Jawa Tengah,"63,75","64,72","65,33","66,26","66,98","67,4","67,71","68,4","68,97","69,71","69,63","70,11","70,81","71,4","71,84"
IPM214,214,Pemalang,Jawa Tengah,"58,64","59,66","60,78","61,81","62,35","63,7","64,17","65,04","65,67","66,32","66,32","66,56","67,19","68,03","68,55"
IPM215,215,Tegal,Jawa Tengah,"61,14","61,97","62,67","63,5","64,1","65,04","65,84","66,44","67,33","68,24","68,39","68,79","69,53","70,23","70,77"
IPM216,216,Brebes,Jawa Tengah,"59,49","60,51","60,92","61,87","62,55","63,18","63,98","64,86","65,68","66,12","66,11","66,32","67,03","67,95","68,46"
IPM217,217,Kota Magelang,Jawa Tengah,"73,99","74,47",75,"75,29","75,79","76,39","77,16","77,84","78,31","78,8","78,99","79,43","80,39","81,17","82,15"
IPM218,218,Kota Surakarta,Jawa Tengah,"77,45",78,"78,44","78,89","79,34","80,14","80,76","80,85","81,46","81,86","82,21","82,62","83,08","83,54","84,4"
IPM219,219,Kota Salatiga,Jawa Tengah,"78,35","78,76","79,1","79,37","79,98","80,96","81,14","81,68","82,41","83,12","83,14","83,6","84,35","84,99","85,72"
IPM220,220,Kota Semarang,Jawa Tengah,"76,96","77,58","78,04","78,68","79,24","80,23","81,19","82,01","82,72","83,19","83,05","83,55","84,08","84,43","85,25"
IPM221,221,Kota Pekalongan,Jawa Tengah,"68,95","69,54","69,95","70,82","71,53","72,69","73,32","73,77","74,24","74,77","74,98","75,4","75,9","76,71","77,22"
IPM222,222,Kota Tegal,Jawa Tengah,"69,33","70,03","70,68","71,44","72,2","72,96","73,55","73,95","74,44","74,93","75,07","75,52","76,15","77,02","77,43"
IPM223,223,Kulon Progo,DI Yogyakarta,"68,83","69,53","69,74","70,14","70,68","71,52","72,38","73,23","73,76","74,44","74,46","74,71","75,46","75,79","76,14"
IPM224,224,Bantul,DI Yogyakarta,"75,31","75,79","76,13","76,78","77,11","77,99","78,42","78,67","79,45","80,01","80,01","80,28","80,69","81,39","81,74"
IPM225,225,Gunung Kidul,DI Yogyakarta,"64,2","64,83","65,69","66,31","67,03","67,41","67,82","68,73","69,24","69,96","69,98","70,16","70,96","71,24","71,89"
IPM226,226,Sleman,DI Yogyakarta,"79,69","80,04","80,1","80,26","80,73","81,2","82,15","82,85","83,42","83,85","83,84",84,"84,31","84,77","85,61"
IPM227,227,Kota Yogyakarta,DI Yogyakarta,"82,72","82,98","83,29","83,61","83,78","84,56","85,32","85,49","86,11","86,65","86,61","87,18","87,69","88,28","88,77"
IPM228,228,Pacitan,Jawa Timur,"61,14","62,03","62,94","63,38","63,81","64,92","65,74","66,51","67,33","68,16","68,39","68,57","69,37","70,19","70,74"
IPM229,229,Ponorogo,Jawa Timur,"64,13","65,28","66,16","67,03","67,4","68,16","68,93","69,26","69,91","70,56","70,81","71,06","71,87","72,5","73,01"
IPM230,230,Trenggalek,Jawa Timur,"63,67","64,27","65,01","65,76","66,16","67,25","67,78","68,1","68,71","69,46","69,74","70,06",71,"71,73","72,24"
IPM231,231,Tulungagung,Jawa Timur,"67,28","67,76","68,29","69,3","69,49","70,07","70,82","71,24","71,99","72,62",73,"73,15","74,06","74,61","75,09"
IPM232,232,Blitar,Jawa Timur,"64,79","65,47","66,17","66,49","66,88","68,13","68,88","69,33","69,93","70,57","70,58","71,05","71,86","72,49","73,09"
IPM233,233,Kediri,Jawa Timur,"66,24","66,84","67,29","68,01","68,44","68,91","69,87","70,47","71,07","71,85","72,05","72,56","73,46","73,96","74,44"
IPM234,234,Malang,Jawa Timur,"63,47","63,97","64,71","65,2","65,59","66,63","67,51","68,47","69,4","70,35","70,36","70,6","71,38","72,16","72,68"
IPM235,235,Lumajang,Jawa Timur,"59,62","60,72","61,31","61,87","62,33","63,02","63,74","64,23","64,83","65,33","65,46","66,07","66,95","67,87","68,8"
IPM236,236,Jember,Jawa Timur,"59,94","60,64","61,31","62,43","62,64","63,04","64,01","64,96","65,96","66,69","67,11","67,32","67,97","68,64","69,15"
IPM237,237,Banyuwangi,Jawa Timur,"64,54","65,48","66,12","66,74","67,31","68,08",69,"69,64","70,06","70,6","70,62","71,38","71,94","72,61","73,11"
IPM238,238,Bondowoso,Jawa Timur,"59,47","60,46","62,24","63,21","63,43","63,95","64,52","64,75","65,27","66,09","66,43","66,59","67,31","67,99","68,65"
IPM239,239,Situbondo,Jawa Timur,"60,07","60,82","62,23","63,43","63,91","64,53","65,08","65,68","66,42","67,09","67,38","67,78","68,25","69,16","69,75"
IPM240,240,Probolinggo,Jawa Timur,"59,83","60,3","61,33","62,61","63,04","63,83","64,12","64,28","64,85","65,6","66,07","66,26","66,96","67,79","68,29"
IPM241,241,Pasuruan,Jawa Timur,"60,79","61,43","62,31","63,74","64,35","65,04","65,71","66,69","67,41","68,29","68,6","68,93","69,68","70,29","70,73"
IPM242,242,Sidoarjo,Jawa Timur,"73,75","74,48","75,14","76,39","76,78","77,43","78,17","78,7","79,5","80,05","80,29","80,65","81,02","81,55","82,31"
IPM243,243,Mojokerto,Jawa Timur,"68,14","68,71","69,17","69,84","70,22","70,85","71,38","72,36","72,64","73,53","73,83","74,15","74,89","75,53","75,98"
IPM244,244,Jombang,Jawa Timur,"66,2","66,84","67,82","68,63","69,07","69,59","70,03","70,88","71,86","72,85","72,97","73,45","74,05","74,6","75,1"
IPM245,245,Nganjuk,Jawa Timur,"65,6","66,58","68,07","68,98","69,59","69,9","70,5","70,69","71,23","71,71","71,72","71,97","72,93","73,71","74,23"
IPM246,246,Madiun,Jawa Timur,"64,87","65,98","67,32","68,07","68,6","69,39","69,67","70,27","71,01","71,69","71,73","71,88","72,39","72,97","73,74"
IPM247,247,Magetan,Jawa Timur,"67,58","68,52","69,56","69,86","70,29","71,39","71,94","72,6","72,91","73,49","73,92","74,15","74,85","75,41","75,87"
IPM248,248,Ngawi,Jawa Timur,"64,52","65,84","66,72","67,25","67,78","68,32","68,96","69,27","69,91","70,41","70,54","71,04","71,75","72,47","73,09"
IPM249,249,Bojonegoro,Jawa Timur,"62,19","63,22","64,2","64,85","65,27","66,17","66,73","67,28","67,85","68,75","69,04","69,59","70,12","70,85","71,78"
IPM250,250,Tuban,Jawa Timur,"61,33","62,47","63,36","64,14","64,58","65,52","66,19","66,77","67,43","68,37","68,4","68,91","69,67","70,34","71,23"
IPM251,251,Lamongan,Jawa Timur,"65,4","66,21","67,51","68,9","69,42","69,84","70,34","71,11","71,97","72,57","72,58","73,12","74,02","74,53","75,13"
IPM252,252,Gresik,Jawa Timur,"69,9","71,11","72,12","72,47","72,84","73,57","74,46","74,84","75,28","76,1","76,11","76,5","77,16","77,98","78,45"
IPM253,253,Bangkalan,Jawa Timur,"57,23","58,63","59,65","60,19","60,71","61,49","62,06","62,3","62,87","63,79","64,11","64,36","65,05","65,75","66,27"
IPM254,254,Sampang,Jawa Timur,"54,49","55,17","55,78","56,45","56,98","58,18","59,09","59,9",61,"61,94","62,7","62,8","63,39","64,13","64,65"
IPM255,255,Pamekasan,Jawa Timur,"59,37","60,42","61,21","62,27","62,66","63,1","63,98","64,93","65,41","65,94","66,26","66,4","66,99","67,96","68,49"
IPM256,256,Sumenep,Jawa Timur,"57,27","58,7","60,08","60,84","61,43","62,38","63,42","64,28","65,25","66,22","66,43","67,04","67,87","68,61","69,26"
IPM257,257,Kota Kediri,Jawa Timur,"72,2","72,93","73,66","74,18","74,62","75,67","76,33","77,13","77,58","78,08","78,23","78,6","79,59","80,44","81,35"
IPM258,258,Kota Blitar,Jawa Timur,"72,56","73,08","73,53","74,53","75,26",76,"76,71","77,1","77,58","78,56","78,57","78,98","79,93","80,63","81,27"
IPM259,259,Kota Malang,Jawa Timur,"76,69","77,36","78,04","78,44","78,96","80,05","80,46","80,65","80,89","81,32","81,45","82,04","82,71","83,39","84,06"
IPM260,260,Kota Probolinggo,Jawa Timur,"67,3","68,14","68,93","70,05","70,49","71,01","71,5","72,09","72,53","73,27","73,27","73,66","74,56","75,43","76,27"
IPM261,261,Kota Pasuruan,Jawa Timur,"69,69","70,41","72,01","72,89","73,23","73,78","74,11","74,39","74,78","75,25","75,26","75,62","76,54","77,17","77,75"
IPM262,262,Kota Mojokerto,Jawa Timur,"72,78","73,47","74,2","74,91","75,04","75,54","76,38","76,77","77,14","77,96","78,04","78,43","79,32","80,07","80,92"
IPM263,263,Kota Madiun,Jawa Timur,"75,98","76,48","77,21","78,41","78,81","79,48","80,01","80,13","80,33","80,88","80,91","81,25","82,01","82,71","83,48"
IPM264,264,Kota Surabaya,Jawa Timur,"77,2","77,62","78,05","78,51","78,87","79,47","80,38","81,07","81,74","82,22","82,23","82,31","82,74","83,45","84,14"
IPM265,265,Kota Batu,Jawa Timur,"68,66","69,76","70,62","71,55","71,89","72,62","73,57","74,26","75,04","75,88","75,9","76,28","77,22","78,18","78,79"
IPM266,266,Pandeglang,Banten,"59,08","59,92","60,48","61,35","62,06","62,72","63,4","63,82","64,34","64,91",65,"65,17","65,84","66,42","66,99"
IPM267,267,Lebak,Banten,"58,83","59,82","60,22","61,13","61,64","62,03","62,78","62,95","63,37","63,88","63,91","64,03","64,71","65,21","65,86"
IPM268,268,Tangerang,Banten,"68,01","68,45","68,83","69,28","69,57","70,05","70,44","70,97","71,59","71,93","71,92","72,29","72,97","73,43","74,09"
IPM269,269,Serang,Banten,"60,96","61,97","62,97","63,57","63,97","64,61","65,12","65,6","65,93","66,38","66,7","66,82","67,75","68,39","69,03"
IPM270,270,Kota Tangerang,Banten,"73,69","74,15","74,57","75,04","75,87","76,08","76,81","77,01","77,92","78,43","78,25","78,5","78,9","79,46","80,02"
IPM271,271,Kota Cilegon,Banten,"68,8","69,26","70,07","70,99","71,57","71,81","72,04","72,29","72,65","73,01","73,05","73,35","73,95","74,54","75,14"
IPM272,272,Kota Serang,Banten,"68,25","68,69","69,43","69,69","70,26","70,51","71,09","71,31","71,68","72,1","72,16","72,44","72,98","73,48","73,99"
IPM273,273,Kota Tangerang Selatan,Banten,-,"76,99","77,68","78,65","79,17","79,38","80,11","80,84","81,17","81,48","81,36","81,6","81,95","82,28","82,89"
IPM274,274,Jembrana,Bali,"66,7","67,53","67,94","68,39","68,67","69,66","70,38","70,72","71,65","72,35","72,36","72,75","73,58","74,04","74,6"
IPM275,275,Tabanan,Bali,"70,68","71,35","71,69","72,31","72,68","73,54","74,19","74,86","75,45","76,16","76,17","76,45","76,75","77,43","78,42"
IPM276,276,Badung,Bali,"75,84","76,66","77,26","77,63","77,98","78,86","79,8","80,54","80,87","81,59","81,6","81,83","82,13","83,08","83,87"
IPM277,277,Gianyar,Bali,"71,45","72,5","73,36",74,"74,29","75,03","75,7","76,09","76,71","77,14","77,36","77,7","78,39","79,24","79,82"
IPM278,278,Klungkung,Bali,"66,01","67,01","67,64","68,08","68,3","68,98","69,31","70,13","70,9","71,71","71,73","71,75","72,55","73,11","74,04"
IPM279,279,Bangli,Bali,"63,43","63,87","64,53","65,47","65,75","66,24","67,03","68,24","68,96","69,35","69,36","69,37","70,26","70,79","71,34"
IPM280,280,Karangasem,Bali,"60,58","61,6","62,95","63,7","64,01","64,68","65,23","65,57","66,49","67,34","67,35","67,36","68,28","68,91","69,74"
IPM281,281,Buleleng,Bali,"66,98","67,73","68,29","68,83","69,16","70,03","70,65","71,11","71,7","72,3","72,55","72,56","73,45","73,97","74,52"
IPM282,282,Kota Denpasar,Bali,"79,19","79,77","80,45","81,32","81,65","82,24","82,58","83,01","83,3","83,68","83,93","84,03","84,37","84,73","85,22"
IPM283,283,Lombok Barat,Nusa Tenggara Barat,"60,61","61,64","62,24","62,91","63,52","64,62","65,55","66,37","67,18","68,03","68,2","68,61","69,41","70,15","70,67"
IPM284,284,Lombok Tengah,Nusa Tenggara Barat,"58,97","59,77","60,57","61,25","61,88","62,74","63,22","64,36","65,36","66,36","66,43","66,72","67,57","68,4","69,17"
IPM285,285,Lombok Timur,Nusa Tenggara Barat,"58,86","59,84","60,73","61,43","62,07","62,83","63,7","64,37","65,35","66,23","66,3","66,66","67,59","68,41","69,23"
IPM286,286,Sumbawa,Nusa Tenggara Barat,"60,93","61,5","61,96","62,44","62,88","63,91","64,89","65,84","66,77","67,6","67,61","68,01","68,89","69,87","70,55"
IPM287,287,Dompu,Nusa Tenggara Barat,"61,44","61,84","62,6","63,16","63,53","64,56","65,48","66,33","66,97","67,83","67,84","68,45","69,15","69,98","70,78"
IPM288,288,Bima,Nusa Tenggara Barat,"60,19","60,62","61,05","62,08","62,61","63,48","64,15","65,01","65,62","66,37","66,3","66,66","67,57","68,28","68,94"
IPM289,289,Sumbawa Barat,Nusa Tenggara Barat,"65,42","65,94","66,45","66,86","67,19","68,38","69,26","70,08","70,71","71,52","71,63","71,85","72,65","73,17","73,86"
IPM290,290,Lombok Utara,Nusa Tenggara Barat,"56,13","57,13","58,19","59,2","60,17","61,15","62,24","63,04","63,83","64,49","64,42","64,77","65,7","66,62","67,24"
IPM291,291,Kota Mataram,Nusa Tenggara Barat,"72,47","73,5","74,22","75,22","75,93","76,37","77,2","77,84","78,43","79,1","78,91","79,14","79,59","80,09","80,6"
IPM292,292,Kota Bima,Nusa Tenggara Barat,"70,11","70,57","71,21","71,72","72,23","72,99","73,67","74,36","75,04","75,8","75,81","76,11","76,84","77,36","78,04"
IPM293,293,Sumba Barat,Nusa Tenggara Timur,"58,5","59,33","59,98","60,55","60,9","61,36","61,85","62,3","62,91","63,56","63,53","63,83","64,43","65,22","66,06"
IPM294,294,Sumba Timur,Nusa Tenggara Timur,"59,94","60,43","60,89","61,44","62,04","62,54","63,22","64,19","64,65","65,34","65,52","65,74","66,17","67,05","67,68"
IPM295,295,Kupang,Nusa Tenggara Timur,"58,57","59,74","60,34","61,07","61,68","62,04","62,39","62,79","63,55","64,43","64,32","64,41","65,04","65,82","66,57"
IPM296,296,Timor Tengah Selatan,Nusa Tenggara Timur,"55,72","56,82","57,94","58,76","59,41","59,9","60,37","61,08","61,58","62,23","62,15","62,16","62,73","63,58","64,36"
IPM297,297,Timor Tengah Utara,Nusa Tenggara Timur,"56,93","57,87","59,04","59,56","60,41","60,96","61,54","62,03","62,65","63,34","63,53","63,69","64,26","65,16","65,83"
IPM298,298,Belu,Nusa Tenggara Timur,"55,78","56,63","57,58","59,12","59,72","60,54","61,04","61,44","61,86","62,54","62,68","62,77","63,22","63,83","64,43"
IPM299,299,Alor,Nusa Tenggara Timur,"55,46","56,01","56,47","57,52",58,"58,5","58,99","59,61","60,14","61,03","61,33","61,37","62,26","62,99","63,82"
IPM300,300,Lembata,Nusa Tenggara Timur,"57,78","58,76","59,51","60,56","61,45","62,16","62,81","63,09","63,96","64,91","64,74","64,75","65,47","66,12","66,62"
IPM301,301,Flores Timur,Nusa Tenggara Timur,"57,28","58,15","58,93","59,8","60,42","61,24","61,9","62,89","63,55","64,34","64,22","64,22","64,93","65,79","66,29"
IPM302,302,Sikka,Nusa Tenggara Timur,"59,04","59,62","60,12","60,84","61,36","61,81","62,42","63,08","63,89","64,75","65,11","65,41","66,06","66,89","67,41"
IPM303,303,Ende,Nusa Tenggara Timur,"61,92","62,78","63,93","64,64","65,25","65,54","65,74","66,11","66,62","67,2","67,04","67,3","67,97","68,63","69,11"
IPM304,304,Ngada,Nusa Tenggara Timur,"61,84","62,8","63,57","64,43","64,64","65,1","65,61","66,47","67,1","67,76","67,88","67,88","68,26","69,14","69,52"
IPM305,305,Manggarai,Nusa Tenggara Timur,"57,18","58,02","58,92","59,49","60,08","60,87","61,67","62,24","63,32","64,15","64,54","65,01","65,83","66,42","67,28"
IPM306,306,Rote Ndao,Nusa Tenggara Timur,"54,79","55,78","56,56","57,28","57,82","58,32","59,28","60,51","61,51","62,22","62,39","62,6","63,21",64,"64,59"
IPM307,307,Manggarai Barat,Nusa Tenggara Timur,"57,08","57,75","58,13","59,02","59,64","60,04","60,63","61,65","62,58","63,5","63,89","64,17","64,92","65,81","66,65"
IPM308,308,Sumba Tengah,Nusa Tenggara Timur,"55,35","56,21","56,66","57,25","57,6","57,91","58,52","59,39","60,07","61,01","61,53","61,8","62,71","63,48","64,31"
IPM309,309,Sumba Barat Daya,Nusa Tenggara Timur,"56,37","57,35","58,22","59,26","59,9","60,53","61,31","61,46","61,89","62,6","62,28","62,29","63,15","63,74","64,27"
IPM310,310,Nagekeo,Nusa Tenggara Timur,"60,19","61,05","61,6","62,24","62,71","63,33","63,93","64,74","65,35","65,88","65,81","65,82","66,22","67,07","67,72"
IPM311,311,Manggarai Timur,Nusa Tenggara Timur,"54,26","54,97","55,28","55,74","56,58","56,83","57,5","58,51","59,49","60,47","60,85","61,37","62,3","63,24","64,2"
IPM312,312,Sabu Raijua,Nusa Tenggara Timur,-,"49,16","50,3","51,55","52,51","53,28","54,16","55,22","55,79","56,66","57,02","57,03","57,9","58,89","59,58"
IPM313,313,Malaka,Nusa Tenggara Timur,-,-,-,"56,14","56,94","57,51","58,29","58,9","59,66","60,34","60,21","60,42","61,34","62,06","62,73"
IPM314,314,Kota Kupang,Nusa Tenggara Timur,"74,81","75,74","76,38","77,24","77,58","77,95","78,14","78,25","78,84","79,55","79,71","79,74","80,2","80,62","81,08"
IPM315,315,Sambas,Kalimantan Barat,"59,81","60,57","61,53","62,47","63,28","64,14","64,94","65,92","66,61","67,02","67,03","67,1","67,95","68,69","69,31"
IPM316,316,Bengkayang,Kalimantan Barat,"62,5","62,94","63,42","63,99","64,4","64,65","65,45","65,99","66,85","67,57","67,87","68,04","68,74","69,53","70,3"
IPM317,317,Landak,Kalimantan Barat,"60,36","61,67","62,38","62,72","63,59","64,12","64,58","64,93","65,45","65,96","65,98","66,21","67,17","68,14","69,08"
IPM318,318,Mempawah,Kalimantan Barat,"59,48","59,95","60,75","62,09","62,78","63,37","63,84",64,"64,9","65,5","65,74","66,03","66,94","67,92","68,56"
IPM319,319,Sanggau,Kalimantan Barat,"60,57","60,96","61,39","61,72","62,06","63,05","63,9","64,61","65,15","65,67","65,77","66,2","66,91","67,77","68,43"
IPM320,320,Ketapang,Kalimantan Barat,"60,63","61,47","62,04","62,85","63,27","64,03","64,74","65,71","66,41","67,16","67,17","67,43","67,92","68,68","69,42"
IPM321,321,Sintang,Kalimantan Barat,"59,91","60,8","61,66","62,64","63,19","64,18","64,78","65,16","66,07","66,7","66,88","66,93","67,86","68,67","69,42"
IPM322,322,Kapuas Hulu,Kalimantan Barat,"59,84","60,83","61,85","62,63","62,9","63,73","63,83","64,18","65,03","65,65","65,69","65,75","66,7","67,67","68,58"
IPM323,323,Sekadau,Kalimantan Barat,"59,42","59,76","60,14","61,02","61,98","62,34","62,52","63,04","63,69","64,34","64,76","64,93","65,58","66,33","67,25"
IPM324,324,Melawi,Kalimantan Barat,"60,91","61,18","61,58","62,27","62,89","63,78","64,25","64,43","65,05","65,54","65,55","65,87","66,81","67,76","68,66"
IPM325,325,Kayong Utara,Kalimantan Barat,"55,83","56,58","57,53","57,92","58,52","60,09","60,87","61,52","61,82","62,66","62,68","62,9","63,81","64,79","65,74"
IPM326,326,Kubu Raya,Kalimantan Barat,"61,87","62,56","63,42","63,94","64,52","65,02","65,54","66,31","67,23","67,76","67,95","68,16","68,91","69,6","70,25"
IPM327,327,Kota Pontianak,Kalimantan Barat,"74,87","75,08","75,55","75,98","76,63","77,52","77,63","77,93","78,56","79,35","79,44","79,93","80,48","81,03","81,57"
IPM328,328,Kota Singkawang,Kalimantan Barat,"67,27","67,5","68,54","69,13","69,84","70,03","70,1","70,25","71,08","71,72","71,94","72,11","72,89","73,39","73,87"
IPM329,329,Kotawaringin Barat,Kalimantan Tengah,"68,43","68,53","68,63","69,51","70,14","70,6","71,13","72,11","72,46","72,85","72,87","73,07","73,41","74,04","74,44"
IPM330,330,Kotawaringin Timur,Kalimantan Tengah,"65,24","65,6","66,61","67,95","68,45","68,61","69,42","70,17","70,56","71,16","71,31","71,38","71,67","72,21","72,66"
IPM331,331,Kapuas,Kalimantan Tengah,"63,32","64,01","64,38","64,82","65,29","66,07","66,98","68,04","68,68","69,38","69,48","69,63","70,01","70,75","71,32"
IPM332,332,Barito Selatan,Kalimantan Tengah,"64,51","65,1","65,76","66,2","66,61","68,27",69,"69,25","69,73","70,1","70,22","70,54","71,01","71,65","72,36"
IPM333,333,Barito Utara,Kalimantan Tengah,"63,87","64,36","64,72","65,12","66,3","67,38","68,28","69,07","69,72","70,52","70,59","70,79","71,21","71,84","72,31"
IPM334,334,Sukamara,Kalimantan Tengah,"62,41","62,86","63,52","63,92","64,44","65,8","66,4","66,98","67,52","67,95","68,03","68,27","68,94","69,44","69,85"
IPM335,335,Lamandau,Kalimantan Tengah,"65,32","65,99","66,49","67,23","67,53","68,3","68,54","69,17","69,7","70,51","70,51","70,58","71,11","71,81","72,25"
IPM336,336,Seruyan,Kalimantan Tengah,"61,6","62,16","62,39","62,81","63,49","64,77","65,4","66,14","67,04","67,57","67,58","67,67","68,24","68,68","69,05"
IPM337,337,Katingan,Kalimantan Tengah,"63,25","64,54","64,87","65,29","65,79","66,81","67,41","67,56","67,91","68,55","68,68","68,89","69,74","70,28","70,7"
IPM338,338,Pulang Pisau,Kalimantan Tengah,"63,76","64,06","64,28","64,76",65,"65,76","66,49",67,"67,54","68,34","68,45","68,53","69,01","69,6","70,27"
IPM339,339,Gunung Mas,Kalimantan Tengah,"66,33","66,85","67,3","67,75","68,13","69,24","69,73","69,95","70,23","70,65","70,81","71,03","71,4","72,09","72,73"
IPM340,340,Barito Timur,Kalimantan Tengah,"66,76","67,31","67,97","68,82","69,12","69,71","70,33","70,57","70,82","71,34","71,39","71,47","72,07","72,7","73,26"
IPM341,341,Murung Raya,Kalimantan Tengah,"63,18","64,39","64,85","65,62","66,1","66,46","66,96","67,16","67,56","67,89","67,98","68,12","68,63","69,42","70,03"
IPM342,342,Kota Palangka Raya,Kalimantan Tengah,"76,53","76,98","77,4","78,02","78,5","78,62","79,21","79,69","80,34","80,77","80,77","80,82","81,16","81,68","82,2"
IPM343,343,Tanah Laut,Kalimantan Selatan,"63,56","64,35","65,16","66,11","66,5","66,99","67,44",68,"68,49","69,04","69,38","69,87","70,35","70,98","71,43"
IPM344,344,Kotabaru,Kalimantan Selatan,"63,64","64,27","64,87","65,41","65,76","66,61","67,1","67,79","68,32","68,95","68,86","69,13","69,74","70,18","70,61"
IPM345,345,Banjar,Kalimantan Selatan,"64,46","64,75","65,04","65,36","65,71","66,39","66,87","67,77","68,32","68,94","69,18","69,89","70,72","71,46","71,87"
IPM346,346,Barito Kuala,Kalimantan Selatan,"60,24","60,93","61,62","62,12","62,56","63,53","64,33","64,93","65,91","66,24","66,22","66,64","67,37","68,11","68,84"
IPM347,347,Tapin,Kalimantan Selatan,"64,89","65,41","65,92","66,48","66,99","67,67","68,05","68,7","69,53","70,13","70,11","70,31","71,02",72,"72,51"
IPM348,348,Hulu Sungai Selatan,Kalimantan Selatan,"62,8","63,44","64,03","64,59","65,25","66,31","67,52","67,8","68,41","68,8","68,85","69,21","69,76","70,5","71,21"
IPM349,349,Hulu Sungai Tengah,Kalimantan Selatan,"63,49","63,9","64,34","64,63","65,37","66,56","67,07","67,78","68,32","68,8","68,84","69,05","69,7","70,13","70,69"
IPM350,350,Hulu Sungai Utara,Kalimantan Selatan,"58,5","59,24","60,12","60,77","61,32","62,49","63,38","64,21","65,06","65,49","65,59","66,12","66,84","67,66","68,28"
IPM351,351,Tabalong,Kalimantan Selatan,"65,87","66,6","67,36","68,08","68,36","69,35","70,07","70,76","71,14","71,78","72,19","72,6","73,13","73,85","74,41"
IPM352,352,Tanah Bumbu,Kalimantan Selatan,"64,98","65,59","66,13","66,51","66,94","67,58","68,28","69,12","70,05","70,5","70,71",71,"71,79","72,31","72,95"
IPM353,353,Balangan,Kalimantan Selatan,"62,88","63,28","63,69","64,03","64,44","65,34","66,25","67,25","67,88","68,39","68,82","69,11","69,73","70,49","71,34"
IPM354,354,Kota Banjarmasin,Kalimantan Selatan,"71,01","72,01","73,45","74,59","74,94","75,41","75,94","76,46","76,83","77,16","77,1","77,57","77,97","78,5","79,05"
IPM355,355,Kota Banjar Baru,Kalimantan Selatan,"75,49","76,23","76,67","77,1","77,3","77,56","77,96","78,32","78,83","79,22","79,1","79,26","79,68","80,11","80,51"
IPM356,356,Paser,Kalimantan Timur,"66,54","67,11","68,18","69,61","69,87","70,3",71,"71,16","71,61","72,29","72,04","72,93","73,44","74,14","74,7"
IPM357,357,Kutai Barat,Kalimantan Timur,"65,9","66,92","67,14","68,13","68,91","69,34","69,99","70,18","70,69","71,63","71,19","72,07","72,92","73,72","74,5"
IPM358,358,Kutai Kartanegara,Kalimantan Timur,"67,45","68,47","69,12","70,71","71,2","71,78","72,19","72,75","73,15","73,78","73,59","74,06","74,67","75,3","75,91"
IPM359,359,Kutai Timur,Kalimantan Timur,"66,94","67,73","68,71","69,79","70,39","70,76","71,1","71,91","72,56","73,49",73,"73,81","74,35","74,98","75,53"
IPM360,360,Berau,Kalimantan Timur,"69,16","70,43","70,77","72,02","72,26","72,72","73,05","73,56","74,01","74,88","74,71","75,2","75,74","76,21","76,66"
IPM361,361,Penajam Paser Utara,Kalimantan Timur,"66,37","66,92","67,17","68,07","68,6","69,26","69,96","70,59","71,13","71,64","71,41","72,01","72,55","73,3","73,9"
IPM362,362,Mahakam Ulu,Kalimantan Timur,-,-,-,"63,81","64,32","64,89","65,51","66,09","66,67","67,58","67,09","67,95","68,75","69,59","70,35"
IPM363,363,Kota Balikpapan,Kalimantan Timur,"75,55","76,02","76,56","77,53","77,93","78,18","78,57","79,01","79,81","80,11","80,01","80,71","81,13","81,66","82,24"
IPM364,364,Kota Samarinda,Kalimantan Timur,"75,85","77,05","77,34","77,84","78,39","78,69","78,91","79,46","79,93","80,2","80,11","80,76","81,43","82,32","82,81"
IPM365,365,Kota Bontang,Kalimantan Timur,"76,97","77,25","77,55","78,34","78,58","78,78","78,92","79,47","79,86","80,09","80,02","80,59","80,94","81,56","82,42"
IPM366,366,Malinau,Kalimantan Utara,"66,9","68,15","68,88","69,84",70,"70,15","70,71","71,23","71,74","72,06","71,94","72,32","72,75","73,19","73,9"
IPM367,367,Bulungan,Kalimantan Utara,"66,79","67,63","68,16","68,66","69,25","69,37","69,88","70,74","71,23","71,66","71,1","71,8","72,08","72,72","73,34"
IPM368,368,Tana Tidung,Kalimantan Utara,"61,16","61,92","62,91","63,79","64,7","64,92","65,64","66,26","67,05","67,79","66,97","67,76","68,6","69,2","70,08"
IPM369,369,Nunukan,Kalimantan Utara,"60,33","60,64","61,18","62,18","63,13","63,35","64,35","65,1","65,67","66,32","65,79","66,46","67,16","67,7","68,52"
IPM370,370,Kota Tarakan,Kalimantan Utara,"70,95","71,6","72,53","73,58","74,6","74,7","74,88","75,27","75,69","76,09","75,83","76,23","76,68","77,53","77,96"
IPM371,371,Bolaang Mongondow,Sulawesi Utara,"62,75","63,16","63,78","64,16","64,53","65,03","65,73","66,08","66,91","67,82","67,89","68,16","68,95","69,62","70,29"
IPM372,372,Minahasa,Sulawesi Utara,"70,38","70,82","71,43","71,94","72,76","73,59","74,37","74,59","74,97","75,47","75,29","75,73","76,18","76,96","77,74"
IPM373,373,Kepulauan Sangihe,Sulawesi Utara,"64,69","65,34","65,87","66,15","66,82","67,56","68,52","69,14","69,67","70,53","70,73","71,07","71,63","72,22","72,71"
IPM374,374,Kepulauan Talaud,Sulawesi Utara,"64,37","64,86","65,51","66,14","66,56","66,92","67,58","67,74","68,32","68,97","69,4","69,83","70,43","71,14","71,77"
IPM375,375,Minahasa Selatan,Sulawesi Utara,"66,11","66,61","67,26","67,68","68,36","69,18","69,97","70,05","70,86","71,68","72,11","72,32","72,89","73,66","74,17"
IPM376,376,Minahasa Utara,Sulawesi Utara,"68,74","69,62",70,"70,19","70,54","71,09","71,49","72,2","73,05","73,95","73,9","74,11","74,69","75,31","75,89"
IPM377,377,Bolaang Mongondow Utara,Sulawesi Utara,"61,34","62,11","62,88","63,67","64,24","64,46","65,16","65,6","66,32","66,91","66,99","67,39","68,06","68,64","69,32"
IPM378,378,Siau Tagulandang Biaro,Sulawesi Utara,"61,83","62,45","63,35","63,91","64,35",65,"65,66","66,03","66,75","67,48","67,64","68,05","68,94","69,57","70,31"
IPM379,379,Minahasa Tenggara,Sulawesi Utara,"65,66","66,07","67,1","67,34","67,86","68,05","68,42","68,91","69,66","70,47","70,51","71,06","71,48","71,93","72,66"
IPM380,380,Bolaang Mongondow Selatan,Sulawesi Utara,"59,77","60,47","61,48","62,84","63,57","63,72","63,92","64,05","64,49","65,28",65,"65,42","65,9","66,4","67,14"
IPM381,381,Bolaang Mongondow Timur,Sulawesi Utara,"60,04","60,93","61,93","62,64","63,12","63,81","64,44","64,73","65,21","66,08","65,99","66,55","67,21","67,95","68,53"
IPM382,382,Kota Manado,Sulawesi Utara,"74,47","75,47","76,15","76,56","77,27","77,32","77,59","78,05","78,41","79,12","78,93","79,2","79,66","80,14","80,63"
IPM383,383,Kota Bitung,Sulawesi Utara,"68,86","69,31","69,89","70,35","70,88","71,64","72,43","72,94","73,27","74,2","74,1","74,2","74,7","75,11","75,71"
IPM384,384,Kota Tomohon,Sulawesi Utara,"71,27","71,85","72,5","72,99","73,56","74,36","74,91","75,34","75,78","76,67","76,69","76,86","77,44","78,1","78,89"
IPM385,385,Kota Kotamobagu,Sulawesi Utara,"67,89","68,57","69,31","69,86","70,46","70,7","71,68",72,"72,55","73,22","72,97","73,47","73,96","74,43","75,27"
IPM386,386,Banggai Kepulauan,Sulawesi Tengah,"59,42","60,54","61,09","61,74","62,33","62,97","63,45","64,07","64,68","65,13","65,42","65,61","66,08","66,82","67,43"
IPM387,387,Banggai,Sulawesi Tengah,"64,09","64,63","65,44","66,39","67,11","67,44","68,17",69,"69,85","70,36","70,52","70,6","71,08","71,7","72,32"
IPM388,388,Morowali,Sulawesi Tengah,"65,25","66,03","66,48","66,86","67,91","69,12","69,69","70,41","71,14","72,02","72,21","72,29","72,55","73,02","73,54"
IPM389,389,Poso,Sulawesi Tengah,"64,81","65,59","66,2","66,94","67,65","68,13","68,83","69,78","70,68","71,4","71,28","71,45","71,93","72,48","72,87"
IPM390,390,Donggala,Sulawesi Tengah,"59,73","60,15","61,33","63,38","63,55","63,82","64,42","64,66","65,14","65,49","65,56","65,72","66,25","66,95","67,45"
IPM391,391,Toli-Toli,Sulawesi Tengah,"58,18","59,12","60,05","61,44","61,91","62,72","63,27","64,05","64,6","65,42","65,69","66,3","66,76","67,66","68,37"
IPM392,392,Buol,Sulawesi Tengah,"62,21","63,03","63,98","64,5","65,41","65,61","66,37","66,69","67,3","67,69","67,82","68,25","68,72","69,57","70,28"
IPM393,393,Parigi Moutong,Sulawesi Tengah,"59,17","60,36","61,13","61,98","62,2","62,79","63,6","64,09","64,85","65,47","65,44","65,82","66,26","67,11","67,49"
IPM394,394,Tojo Una-Una,Sulawesi Tengah,"58,33","58,87","59,55","60,32","61,15","61,33","62,27","62,61","63,38","64,52","64,59","64,74","65,54","66,39","66,97"
IPM395,395,Sigi,Sulawesi Tengah,"60,81","61,76","62,88","64,1","64,64","65,35","65,95","66,72","67,66","68,16","68,12","68,49","69,05","69,93","70,51"
IPM396,396,Banggai Laut,Sulawesi Tengah,-,-,-,"61,86","62,12","62,9","63,49","64,08","64,8","65,27","65,43","65,65","66,22","66,93","67,43"
IPM397,397,Morowali Utara,Sulawesi Tengah,-,-,-,"65,01","65,81",66,"66,57","67,35","67,95","68,45","68,36","68,48","68,97","69,73","70,58"
IPM398,398,Kota Palu,Sulawesi Tengah,"77,39","78,1","78,36","78,65","79,12","79,63","79,73","80,24","80,91","81,5","81,47","81,7","82,02","82,52","82,88"
IPM399,399,Kepulauan Selayar,Sulawesi Selatan,"62,15","62,53","62,87","63,16","63,66","64,32","64,95","65,39","66,04","66,91","67,38","67,76","68,35","69,2","70,03"
IPM400,400,Bulukumba,Sulawesi Selatan,"62,73","63,36","63,82","64,27","65,24","65,58","66,46","67,08","67,7","68,28","68,99","69,62","70,34","71,21","71,97"
IPM401,401,Bantaeng,Sulawesi Selatan,"62,46","63,07","63,99","64,88","65,77","66,2","66,59","67,27","67,76","68,3","68,73","68,99","69,69","70,57","71,48"
IPM402,402,Jeneponto,Sulawesi Selatan,"58,31","58,95","59,62","60,55","61,45","61,61","61,81","62,67","63,33",64,"64,26","64,56","65,13","65,9","66,38"
IPM403,403,Takalar,Sulawesi Selatan,"60,23","60,83","61,66","62,58","63,53","64,07","64,96","65,48","66,07","66,94","67,31","67,72","68,31","68,9","69,47"
IPM404,404,Gowa,Sulawesi Selatan,"63,83","64,42","64,65","65,45","66,12","66,87","67,7","68,33","68,87","69,66","70,14","70,29","70,99","71,57","72,26"
IPM405,405,Sinjai,Sulawesi Selatan,"61,31","62,13","62,74","63,47","63,83","64,48","65,36","65,8","66,24","67,05","67,6","67,75","68,33","68,92","69,52"
IPM406,406,Maros,Sulawesi Selatan,"64,07","64,95","65,5","66,06","66,65","67,13","67,76","68,42","68,94","69,5","69,86","70,41",71,"71,63","72,11"
IPM407,407,Pangkajene dan Kepulauan,Sulawesi Selatan,"62,79","63,6","64,3","65,24","66,16","66,65","66,86","67,25","67,71","68,29","68,72","69,21","69,79","70,59","71,22"
IPM408,408,Barru,Sulawesi Selatan,"64,94","65,73","66,07","67,02","67,94","68,64","69,07","69,56","70,05","70,6",71,"71,13","71,53","72,36","73,06"
IPM409,409,Bone,Sulawesi Selatan,"59,69","60,21","60,77","61,4","62,09","63,11","63,86","64,16","65,04","65,67","66,06","66,4","67,01","67,81","68,36"
IPM410,410,Soppeng,Sulawesi Selatan,"63,51","63,8","64,05","64,43","64,74","65,33","65,95","66,67","67,6","68,26","68,67","68,99","69,7","70,58","71,39"
IPM411,411,Wajo,Sulawesi Selatan,"63,07",64,"64,88","65,79","66,49","66,9","67,52","68,18","68,57","69,05","69,15","69,62","70,26","71,1","71,52"
IPM412,412,Sidenreng Rappang,Sulawesi Selatan,"65,54","65,88","66,19","67,15","68,14",69,"69,39","69,84","70,6","71,05","71,21","71,54","72,06","72,71","73,21"
IPM413,413,Pinrang,Sulawesi Selatan,"66,25","66,96","67,64","68,14","68,92","69,24","69,42","69,9","70,62","71,12","71,26","71,45","71,97","72,84","73,55"
IPM414,414,Enrekang,Sulawesi Selatan,"66,27","67,03","67,74","68,39","69,37","70,03","70,79","71,44","72,15","72,66","72,76","72,91","73,39","73,89","74,61"
IPM415,415,Luwu,Sulawesi Selatan,"63,95","64,71","65,43","66,39","67,34","68,11","68,71","69,02","69,6","70,39","70,51","70,85","71,36","72,16","72,79"
IPM416,416,Tana Toraja,Sulawesi Selatan,"62,83","63,22","63,96","64,55","65,08","65,75","66,25","66,82","67,66","68,25","68,75","69,49","69,88","70,73","71,67"
IPM417,417,Luwu Utara,Sulawesi Selatan,"64,77","65,57","65,99","66,4","66,9","67,44","67,81","68,35","68,79","69,46","69,57","70,02","70,51","71,34","72,07"
IPM418,418,Luwu Timur,Sulawesi Selatan,"68,47","68,94","69,34","69,53","69,75","70,43","70,95","71,46","72,16","72,8","73,22","73,34","73,92","74,35","74,95"
IPM419,419,Toraja Utara,Sulawesi Selatan,"63,51","64,48","64,89","65,65","66,15","66,76","67,49","67,9","68,49","69,23","69,33","69,75","70,36","71,23","71,85"
IPM420,420,Kota Makasar,Sulawesi Selatan,"77,63","77,82","78,47","78,98","79,35","79,94","80,53","81,13","81,73","82,25","82,25","82,66","83,12","83,52","83,9"
IPM421,421,Kota Parepare,Sulawesi Selatan,"73,55","74,2","74,67","75,1","75,66","76,31","76,48","76,68","77,19","77,62","77,86","78,21","78,54","79,03","79,64"
IPM422,422,Kota Palopo,Sulawesi Selatan,"73,03","74,02","74,54","75,02","75,65","76,27","76,45","76,71","77,3","77,98","78,06","78,38","78,91","79,45","79,94"
IPM423,423,Buton,Sulawesi Tenggara,"59,44","60,12","61,38","61,83","62,31","62,78","63,69","64,47","65,08","65,67","65,98","66,32","67,23","68,12","68,88"
IPM424,424,Muna,Sulawesi Tenggara,"62,57","63,08","63,76","64,67","65,09","65,99","66,96","67,61","68,47","68,97","69,02","69,17","69,61","70,16","71,05"
IPM425,425,Konawe,Sulawesi Tenggara,"66,55","67,16","67,51","68,23","68,68","69,56","69,84","70,24","70,72","71,29","71,35","71,48","72,04","72,77","73,39"
IPM426,426,Kolaka,Sulawesi Tenggara,"67,76","68,27","68,86","69,55","70,2","70,47","71,12","71,46","72,07","73,01","73,45","73,56","73,98","74,72","75,18"
IPM427,427,Konawe Selatan,Sulawesi Tenggara,"63,2","63,65","64,05","65,02","65,6","66,32","66,97","67,23","67,51","67,88","68,2","68,58","69,36","70,32","71,19"
IPM428,428,Bombana,Sulawesi Tenggara,"59,85","60,84","61,82","62,82","63,38","63,65","64,02","64,49","65,04","65,65","66,05","66,25","66,81","67,43","68,15"
IPM429,429,Wakatobi,Sulawesi Tenggara,"63,26","64,67","65,24","66,5","66,95","67,22","67,5","67,99","68,52","68,99","69,48","69,87","70,85","71,43","72,02"
IPM430,430,Kolaka Utara,Sulawesi Tenggara,"63,17","63,98","64,49","65,35","65,76","66,9","67,6","67,77","68,44","68,91","69,31","69,5","70,39","71,04","71,7"
IPM431,431,Buton Utara,Sulawesi Tenggara,"60,94","61,58","62,69","64,2","64,65","65,23","65,95","66,4","67,13","67,68","67,87","68,08",69,"69,7","70,6"
IPM432,432,Konawe Utara,Sulawesi Tenggara,"63,74","64,25","64,87","65,54","66,03","66,44","67,2","67,71","68,5","69,22","69,86","70,23","71,1","71,71","72,32"
IPM433,433,Kolaka Timur,Sulawesi Tenggara,-,-,-,"61,78","62,13","62,74","63,6","64,55","65,53","66,49","67,02","67,76","68,73","69,57","70,27"
IPM434,434,Konawe Kepulauan,Sulawesi Tenggara,-,-,-,"61,15","61,31","61,72","62,56","63,44","64,36","65,05","65,41","65,73","66,69","67,32","67,99"
IPM435,435,Muna Barat,Sulawesi Tenggara,-,-,-,-,"61,92","62,29","62,57","63,43","64,11","64,45","65,08","65,48","66,21","67,13","68,06"
IPM436,436,Buton Tengah,Sulawesi Tenggara,-,-,-,-,"61,69","62,13","62,56","62,82","63,46","64,06","64,37","64,55","65,29","65,83","66,47"
IPM437,437,Buton Selatan,Sulawesi Tenggara,-,-,-,-,"61,51",62,"62,55","63,2","63,47","64,37","64,93","64,99","65,44","66,15",67
IPM438,438,Kota Kendari,Sulawesi Tenggara,"78,13","79,43","79,97","80,91","81,3","81,43","81,66","81,83","82,22","82,86","83,53","84,15","84,51","84,85","85,33"
IPM439,439,Kota Baubau,Sulawesi Tenggara,"70,6","71,11","71,65","72,55","73,13","73,59","73,99","74,14","74,67","75,21","75,9","76,26","76,67","77,52","78,13"
IPM440,440,Boalemo,Gorontalo,"59,92","60,52","61,11","61,71","62,18","62,86","63,42","64,22","64,99","65,53","65,91","66,42","67,27","68,18","68,74"
IPM441,441,Gorontalo,Gorontalo,60,"61,04","61,87","62,22","62,9","63,63","64,22","64,95","65,78","66,69","66,92","67,34","68,28","69,09","69,66"
IPM442,442,Pohuwato,Gorontalo,"59,11","59,85","60,48","61,38","61,74","62,5","63,17","63,88","64,44","65,27","65,37","65,8","66,53","67,15","68,02"
IPM443,443,Bone Bolango,Gorontalo,64,"64,44","65,13","65,82","66,03","66,83","67,48","68,11","69,06","69,63","69,98","70,25","70,9","71,51","72,38"
IPM444,444,Gorontalo Utara,Gorontalo,"59,26","59,95","60,71","61,6","61,92","62,55","63,02","63,52","64,06","64,52","64,86","65,21","66,01","66,61","67,46"
IPM445,445,Kota Gorontalo,Gorontalo,"73,07","73,56","74,06","74,43","74,97","75,62","75,75","76,09","76,53","77,08","77,13","77,41","78,22","78,64","79,18"
IPM446,446,Majene,Sulawesi Barat,"61,67","62,56","63,06","63,32","63,74","64,4","64,8","65,4","66,01","66,59","66,91","67,29","67,84","68,62","69,42"
IPM447,447,Polewali Mandar,Sulawesi Barat,"57,44","58,26","58,62","59,27","60,09","60,87","61,51","62,35","63,14","63,74","63,84","64,23","64,79","65,59","66,22"
IPM448,448,Mamasa,Sulawesi Barat,"60,88","61,45","61,95","62,57","62,85","63,17","63,51","63,92","64,66","65,32","66,02","66,63","67,21","67,83","68,37"
IPM449,449,Mamuju,Sulawesi Barat,"61,65","62,28","63,24","64,17","64,71","65,09","65,65","66,32","67,11","67,72","68,15","68,32","68,88","69,61","70,4"
IPM450,450,Mamuju Utara / Pasangkayu,Sulawesi Barat,"61,29","62,23",63,"63,76","64,04","64,69","65,17","65,67","66,6","67,27","67,79","68,03","68,61","69,11","69,73"
IPM451,451,Mamuju Tengah,Sulawesi Barat,-,-,-,"61,05","61,48","62,22","62,89","63,64","64,43","65,1","65,71","66,18","66,89","67,45","68,36"
IPM452,452,Maluku Tenggara Barat / Kepulauan Tanimbar,Maluku,"57,08","57,69","58,56","59,34","59,81","60,26","61,12","61,64","62,39","62,86","62,86","62,97","63,45","64,16","64,83"
IPM453,453,Maluku Tenggara,Maluku,"60,58","60,96","61,75","62,11","62,74","63,35","64,2","64,94","65,53","65,85","66,2","66,33","66,88","67,57","68,24"
IPM454,454,Maluku Tengah,Maluku,"66,12","66,64","67,3","67,89","68,69","68,85","69,54","70,09","70,6","71,25","71,25","71,32","71,81","72,45","73,21"
IPM455,455,Buru,Maluku,"61,6","62,5","63,5","64,31","65,15","65,75","66,63","67,61","68,25","68,91","68,95","69,33","69,94","70,56","71,01"
IPM456,456,Kepulauan Aru,Maluku,"58,22","58,6","59,17","59,62","59,91","60,5","61,32","62,13","63,12","63,64","63,71","63,83","64,21","65,01","65,83"
IPM457,457,Seram Bagian Barat,Maluku,"59,9","60,59","61,47","61,79","62,39","63,02","63,76","64,34","65,14","65,49","65,62","65,83","66,67","67,56","68,39"
IPM458,458,Seram Bagian Timur,Maluku,"57,88","58,07","58,47","58,88","59,5","60,27","61,15","62,06","62,98","63,74","64,12","64,3","65,05","65,82","66,24"
IPM459,459,Maluku Barat Daya,Maluku,"55,75","56,1","56,74","57,34","58,09","58,64","59,43","60,16","60,64","61,55","61,9","62,37","63,07","63,93","64,86"
IPM460,460,Buru Selatan,Maluku,"57,3","57,98","58,91","59,89","60,74","61,48","62,19","62,75","63,62","64,42","64,69","64,8","65,37","66,23","67,09"
IPM461,461,Kota Ambon,Maluku,"76,07","76,7","77,49","78,16","79,09","79,3","79,55","79,82","80,24","80,81","80,84","81,23","81,63","82,06","82,56"
IPM462,462,Kota Tual,Maluku,"61,7","62,69","63,56","64,16","64,95","65,2","65,64","66,25","67,21","67,74","67,96","68,16","68,6","69,43","70,21"
IPM463,463,Halmahera Barat,Maluku Utara,"59,56","60,33","60,71","61,47","62,06","62,97","63,83","64,19","64,54","65,34","65,31","65,56","66,2","66,91","67,53"
IPM464,464,Halmahera Tengah,Maluku Utara,"58,42","59,34","59,94","60,89","61,49","62,07","63,05","63,89","64,66","65,55","65,42","65,82","66,49","67,48","68,45"
IPM465,465,Kepulauan Sula,Maluku Utara,"57,06","57,98","58,83","59,77","60,18","60,5","61,25","62,04","62,96","63,64","63,53","63,8","64,7","65,29","65,99"
IPM466,466,Halmahera Selatan,Maluku Utara,"58,22","58,86","59,5","59,92","60,34","61,26","62,17","62,64","63,39","64,11","63,84","64,19","65,06","65,83","66,66"
IPM467,467,Halmahera Utara,Maluku Utara,"61,46","62,31","62,94","63,81","64,18","65,04","66,02","66,52","67,3","67,75","67,5","67,82","68,38","69,05","69,78"
IPM468,468,Halmahera Timur,Maluku Utara,"60,06","60,77","61,73","62,71","63,26","63,99","64,92","65,77","66,2","66,74","66,75",67,"67,93","68,82","69,58"
IPM469,469,Pulau Morotai,Maluku Utara,-,"56,63","57,16","57,97","58,34","59,27","59,87","60,71","61,39","62,38","62,5","62,9","63,8","64,73","65,68"
IPM470,470,Pulau Taliabu,Maluku Utara,-,-,-,"56,86","57,31","58,26","58,66","59,03","59,67","60,62","60,48","60,73","61,64","62,31","62,9"
IPM471,471,Kota Ternate,Maluku Utara,"74,86","75,52","75,81","76,69","77,15","77,64","77,8","78,48","79,13","80,03","79,82","80,14","80,81","81,35","82,12"
IPM472,472,Kota Tidore Kepulauan,Maluku Utara,"64,48","64,8","65,42","66,25","66,76","67,45","68,37","69,25","69,89","70,83","70,53","70,99","71,55","72,4","72,91"
IPM473,473,Fakfak,Papua Barat,"60,95","61,94","62,56","64,29","64,73","64,92","65,55","66,09","66,99","67,87","68,36","68,52","69,12","69,72","70,39"
IPM474,474,Kaimana,Papua Barat,"57,25","57,87","58,99","60,36","61,07","61,33","62,15","62,74","63,67","64,59",65,"65,31","66,11","66,72","67,6"
IPM475,475,Teluk Wondama,Papua Barat,"52,97","53,74","54,69","55,65","56,27","56,64","57,16","58,1","58,86","59,82","60,21","60,33","60,87","61,67","62,36"
IPM476,476,Teluk Bintuni,Papua Barat,"56,99","57,87","58,84","59,73","60,4","61,09","61,81","62,39","63,13",64,"64,55","64,65","65,27",66,"66,75"
IPM477,477,Manokwari,Papua Barat,"66,29","67,28","67,86","68,81","69,35","69,91","70,34","70,67","71,17","71,67","72,01","72,02","72,6","73,21","73,83"
IPM478,478,Sorong Selatan,Papua Barat,"54,24","56,01","56,87","57,73","58,24","58,6","59,2","60,19","61,01","61,93","62,42","62,46","63,08","63,94",-
IPM479,479,Sorong,Papua Barat,"57,56","58,56","59,18","60,86","61,23","61,86","62,42","63,42","64,32","65,29","65,74","65,77","66,69","67,49",-
IPM480,480,Raja Ampat,Papua Barat,"57,36","58,37","59,06","60,36","60,86","61,23","61,95","62,35","62,84","63,66","63,89","63,92","64,65","65,26",-
IPM481,481,Tambrauw,Papua Barat,-,"45,97","47,18","48,69","49,4","49,77","50,35","51,01","51,95","52,9","53,45","53,71","54,63","55,55",-
IPM482,482,Maybrat,Papua Barat,-,"53,29","54,13","54,93","55,36","55,78","56,35","57,23","58,16","59,15","59,52","59,7","60,49","61,29",-
IPM483,483,Manokwari Selatan,Papua Barat,-,-,-,"54,95","55,32","56,59","57,12","58,08","58,84","59,72","59,84","59,85","60,68","61,55","62,45"
IPM484,484,Pegunungan Arfak,Papua Barat,-,-,-,"53,36","53,69","53,73","53,89","54,39","55,31","56,15","56,33","56,13","57,01","57,82","58,73"
IPM485,485,Kota Sorong,Papua Barat,"71,96","72,8","73,89","74,96","75,78","75,91","76,33","76,73","77,35","77,98","78,45","78,49","78,98","79,65",-
IPM486,486,Raja Ampat,Papua Barat Daya,-,-,-,-,-,-,-,-,-,-,-,-,-,-,"65,86"
IPM487,487,Sorong,Papua Barat Daya,-,-,-,-,-,-,-,-,-,-,-,-,-,-,"68,29"
IPM488,488,Sorong Selatan,Papua Barat Daya,-,-,-,-,-,-,-,-,-,-,-,-,-,-,"64,5"
IPM489,489,Maybrat,Papua Barat Daya,-,-,-,-,-,-,-,-,-,-,-,-,-,-,"61,83"
IPM490,490,Tambrauw,Papua Barat Daya,-,-,-,-,-,-,-,-,-,-,-,-,-,-,"56,32"
IPM491,491,Kota Sorong,Papua Barat Daya,-,-,-,-,-,-,-,-,-,-,-,-,-,-,"79,93"
IPM492,492,Merauke,Papua,"65,58","66,03","66,28","66,88","67,33","67,75","68,09","68,64","69,38","69,98","70,09","70,49","71,24","72,19",-
IPM493,493,Jayawijaya,Papua,"50,79","51,66","52,27","52,94","53,37","54,18","54,96","55,99","56,82","57,79","58,03","58,67","59,6","60,5",-
IPM494,494,Jayapura,Papua,"67,15","68,04","68,85","69,21","69,55","70,04","70,5","70,97","71,25","71,84","71,69","72,03","72,67","73,5","74,11"
IPM495,495,Nabire,Papua,"64,49","64,96","65,28","65,45","66,25","66,49","66,64","67,11","67,7","68,53","68,83","69,15","69,91","70,84",-
IPM496,496,Kepulauan Yapen,Papua,"63,5","63,82","64,11","64,34","64,89","65,28","65,55","66,07",67,"67,76","67,66","67,72","68,41","69,11","69,65"
IPM497,497,Biak Numfor,Papua,"68,22","68,8","69,05","69,35","70,32","70,85","71,13","71,56","71,96","72,57","72,19","72,33","72,85","73,46","73,98"
IPM498,498,Paniai,Papua,"52,57","53,02","53,34","53,7","53,93","54,2","54,34","54,91","55,83","56,58","56,31","56,7","57,14","57,91",-
IPM499,499,Puncak Jaya,Papua,"38,83","40,36","41,85","43,36","44,32","44,87","45,49","46,57","47,39","48,33","48,37","48,99","49,84","50,81",-
IPM500,500,Mimika,Papua,"67,96","68,74","68,95","69,5","70,4","70,89","71,64","72,42","73,15","74,13","74,19","74,48","75,08","75,91",-
IPM501,501,Boven Digoel,Papua,"56,15","56,89","57,45","57,96","58,21","59,02","59,35","60,14","60,83","61,51","61,53","61,62","62,52","63,46",-
IPM502,502,Mappi,Papua,"54,09","54,61","55,09","55,51","55,74","56,11","56,54","57,1","57,72","58,3","58,15","58,7","59,61","60,57",-
IPM503,503,Asmat,Papua,"43,69","44,58","45,08","45,54","45,91","46,62","47,31","48,49","49,37","50,37","50,55","51,29","52,22","53,19",-
IPM504,504,Yahukimo,Papua,"40,63","41,72","43,82","45,63","46,36","46,63","47,13","47,95","48,51","49,25","49,37","49,48","50,25","51,19",-
IPM505,505,Pegunungan Bintang,Papua,"35,45","36,61","37,82","38,94","39,68","40,91","41,9","43,24","44,22","45,21","45,44","46,28","47,21","48,18",-
IPM506,506,Tolikara,Papua,"43,44","44,41","44,86","45,68","46,16","46,38","47,11","47,89","48,85","49,68","49,5","49,6","50,51","51,48",-
IPM507,507,Sarmi,Papua,"56,98","57,96","59,03","59,51","60,48","60,99","61,27","62,31",63,"63,45","63,63","63,94","64,86","65,8","66,72"
IPM508,508,Keerom,Papua,60,"60,65","61,13","62,49","62,73","63,43","64,1","64,99","65,75","66,59","66,4","66,49","67,24","68,08","68,68"
IPM509,509,Waropen,Papua,"59,98","60,94","61,32","61,68","61,97","62,35","63,1","64,08","64,8","65,34","64,94","65,1","65,67","66,46","66,92"
IPM510,510,Supiori,Papua,"57,71","58,31","58,86","59,4","59,7","60,09","60,59","61,23","61,84","62,3","62,3","62,72","63,65","64,61","65,15"
IPM511,511,Mamberamo Raya,Papua,"44,89","45,82","46,62","47,28","47,88","48,29",49,"50,25","51,24","52,2","51,78","52,18","53,1","54,08",55
IPM512,512,Nduga,Papua,"19,62","21,12","23,07","24,42","25,38","25,47","26,56","27,87","29,42","30,75","31,55","32,84","34,1","35,19",-
IPM513,513,Lanny Jaya,Papua,"41,49","41,9","42,53","43,05","43,28","44,18","45,16","46,49","47,34",48,"47,86","48,68","49,62","50,56",-
IPM514,514,Mamberamo Tengah,Papua,"39,37","40,17","41,39","42,43","43,19","43,55","44,15","45,5","46,41","47,23","47,57","48,32","49,25","50,22",-
IPM515,515,Yalimo,Papua,"38,47","40,45","41,84","43,33","44,21","44,32","44,95","46,19","47,13","48,08","48,34","49,01","49,9","50,87",-
IPM516,516,Puncak,Papua,"33,44","35,08","36,85","37,73","38,05","39,41","39,96","41,06","41,81","42,7","43,04","43,17","43,87","44,59",-
IPM517,517,Dogiyai,Papua,"47,48","48,48","50,59","51,46","52,25","52,78","53,32","54,04","54,44","55,41","54,84",55,"55,72","56,7",-
IPM518,518,Intan Jaya,Papua,-,"40,07","41,89","42,69","43,51","44,35","44,82","45,68","46,55","47,51","47,79","48,34","49,25","50,19",-
IPM519,519,Deiyai,Papua,-,"46,12","46,94","47,74","48,12","48,28","48,5","49,07","49,55","50,11","49,46","49,96","50,42","51,18",-
IPM520,520,Kota Jayapura,Papua,"76,69","76,97","77,25","77,46","77,86","78,05","78,56","79,23","79,58","80,16","79,94","80,11","80,61","81,14","81,67"
IPM521,521,Merauke,Papua Selatan,-,-,-,-,-,-,-,-,-,-,-,-,-,-,"72,73"
IPM522,522,Boven Digoel,Papua Selatan,-,-,-,-,-,-,-,-,-,-,-,-,-,-,"64,26"
IPM523,523,Mappi,Papua Selatan,-,-,-,-,-,-,-,-,-,-,-,-,-,-,"61,51"
IPM524,524,Asmat,Papua Selatan,-,-,-,-,-,-,-,-,-,-,-,-,-,-,"53,92"
IPM525,525,Mimika,Papua Tengah,-,-,-,-,-,-,-,-,-,-,-,-,-,-,"76,85"
IPM526,526,Dogiyai,Papua Tengah,-,-,-,-,-,-,-,-,-,-,-,-,-,-,"57,68"
IPM527,527,Deiyai,Papua Tengah,-,-,-,-,-,-,-,-,-,-,-,-,-,-,"52,07"
IPM528,528,Nabire,Papua Tengah,-,-,-,-,-,-,-,-,-,-,-,-,-,-,"71,77"
IPM529,529,Paniai,Papua Tengah,-,-,-,-,-,-,-,-,-,-,-,-,-,-,"58,69"
IPM530,530,Intan Jaya,Papua Tengah,-,-,-,-,-,-,-,-,-,-,-,-,-,-,"50,71"
IPM531,531,Puncak,Papua Tengah,-,-,-,-,-,-,-,-,-,-,-,-,-,-,"45,6"
IPM532,532,Puncak Jaya,Papua Tengah,-,-,-,-,-,-,-,-,-,-,-,-,-,-,"51,78"
IPM533,533,Nduga,Papua Pegunungan,-,-,-,-,-,-,-,-,-,-,-,-,-,-,"36,3"
IPM534,534,Jayawijaya,Papua Pegunungan,-,-,-,-,-,-,-,-,-,-,-,-,-,-,"61,03"
IPM535,535,Lanny Jaya,Papua Pegunungan,-,-,-,-,-,-,-,-,-,-,-,-,-,-,"51,59"
IPM536,536,Tolikara,Papua Pegunungan,-,-,-,-,-,-,-,-,-,-,-,-,-,-,"52,05"
IPM537,537,Mamberamo Tengah,Papua Pegunungan,-,-,-,-,-,-,-,-,-,-,-,-,-,-,"50,72"
IPM538,538,Yalimo,Papua Pegunungan,-,-,-,-,-,-,-,-,-,-,-,-,-,-,"51,85"
IPM539,539,Yahukimo,Papua Pegunungan,-,-,-,-,-,-,-,-,-,-,-,-,-,-,"51,98"
IPM540,540,Pegunungan Bintang,Papua Pegunungan,-,-,-,-,-,-,-,-,-,-,-,-,-,-,"49,36"