id_rls,id_kab_kota,NAMA_KAB_KOTA,PROVINSI,2010,2011,2012,2013,2014,2015,2016,2017,2018,2019,2020,2021,2022,2023,2024,,,,"72,8","73,4","74,03"
RLS001,1,Simeulue,Aceh,"8,17","8,26","8,34","8,55","8,89","8,9","8,91","9,06","9,07","9,08","9,34","9,48","9,73","9,81","9,89",,,,,,
RLS002,2,Aceh Singkil,Aceh,"6,65","6,86","7,16","7,33","7,48","7,5","7,69","7,84","8,05","8,52","8,53","8,68","8,69","8,7","8,72",,,,,,
RLS003,3,Aceh Selatan,Aceh,"7,5","7,53","7,56","7,59","7,6","7,79","8,02","8,33","8,38","8,59","8,87","8,88","8,89","8,91","8,92",,,,,,
RLS004,4,Aceh Tenggara,Aceh,"8,38","8,45","8,57","8,58","8,77","9,32","9,33","9,63","9,64","9,65","9,66","9,67","9,92","10,09","10,1",,,,,,
RLS005,5,Aceh Timur,Aceh,"7,04","7,09","7,13","7,28","7,38","7,4","7,6","7,8","7,85","7,86","8,15","8,21","8,32","8,47","8,48",,,,,,
RLS006,6,Aceh Tengah,Aceh,"9,07","9,13","9,19","9,25","9,31","9,65","9,66","9,67","9,68","9,69","9,85","9,86","9,87","9,89","10,03",,,,,,
RLS007,7,Aceh Barat,Aceh,"7,64","7,71","7,77","7,83","8,17","8,47","8,7","9,04","9,08","9,09","9,37","9,55","9,87","9,98","9,99",,,,,,
RLS008,8,Aceh Besar,Aceh,"9,43","9,44","9,45","9,46","9,61","9,91","9,92","9,93","10,14","10,31","10,32","10,33","10,35","10,36","10,37",,,,,,
RLS009,9,Pidie,Aceh,"7,94","7,96","8,08","8,15","8,25","8,74","8,75","8,76","8,81","8,82","8,99",9,"9,02","9,03","9,04",,,,,,
RLS010,10,Bireuen,Aceh,"8,34","8,45","8,5","8,58","8,85","9,14","9,15","9,16","9,17","9,27","9,28","9,29","9,31","9,32","9,59",,,,,,
RLS011,11,Aceh Utara,Aceh,"7,05","7,39","7,69","7,83","8,06","8,07","8,09","8,1","8,11","8,46","8,63","8,64","8,73","8,85","9,11",,,,,,
RLS012,12,Aceh Barat Daya,Aceh,"6,9","7,49","7,53","7,69","7,89","7,9","7,93","8,12","8,13","8,35","8,66","8,67","8,68","8,77","8,78",,,,,,
RLS013,13,Gayo Lues,Aceh,"5,59","6,24","6,88",7,"7,04","7,06","7,1","7,39","7,69","7,91","8,2","8,4","8,41","8,42","8,44",,,,,,
RLS014,14,Aceh Tamiang,Aceh,"7,61","7,64","7,66","7,69","7,71","7,95","8,21","8,47","8,7","8,89","8,9","8,91","9,04","9,24","9,3",,,,,,
RLS015,15,Nagan Raya,Aceh,"7,12","7,32","7,73","7,78","7,93","8,22","8,24","8,25","8,26","8,5","8,68","8,69","8,95","8,96","9,25",,,,,,
RLS016,16,Aceh Jaya,Aceh,"7,17","7,34","7,64","7,7","7,88","7,89","7,95","8,13","8,37","8,66","8,7","8,71","8,72","8,74","9,02",,,,,,
RLS017,17,Bener Meriah,Aceh,"7,89","8,22","8,63","8,93",9,"9,42","9,43","9,55","9,56","9,78","9,79",10,"10,01","10,12","10,13",,,,,,
RLS018,18,Pidie Jaya,Aceh,"7,87","7,9","7,93","7,95","8,3","8,45","8,46","8,84","8,86","9,04","9,33","9,34","9,53","9,58","9,59",,,,,,
RLS019,19,Kota Banda Aceh,Aceh,"11,91",12,"12,07","12,19","12,37","12,38","12,57","12,59","12,6","12,64","12,65","12,83","13,03","13,04","13,1",,,,,,
RLS020,20,Kota Sabang,Aceh,"10,08","10,12","10,16","10,21","10,35","10,37","10,51","10,7","10,97","11,13","11,14","11,18","11,19","11,2","11,22",,,,,,
RLS021,21,Kota Langsa,Aceh,"10,33","10,38","10,43","10,47","10,48","10,49","10,71","10,9","11,06","11,1","11,11","11,12","11,14","11,27","11,28",,,,,,
RLS022,22,Kota Lhokseumawe,Aceh,10,"10,08","10,16","10,37","10,39","10,41","10,53","10,88","10,89","10,9","10,91","11,11","11,12","11,27","11,31",,,,,,
RLS023,23,Kota Subulussalam,Aceh,"6,3","6,41","6,53","6,65","6,77","6,78","6,88","7,12","7,39","7,58","7,84","8,03","8,22","8,32","8,43",,,,,,
RLS024,24,Nias,Sumatera Utara,"4,59","4,63","4,67","4,71","4,75","4,76","4,92","4,93","4,94","5,15","5,36","5,64","5,88","6,14","6,4",,,,,,
RLS025,25,Mandailing Natal,Sumatera Utara,"7,27","7,39","7,47","7,52","7,54","7,63","7,89",8,"8,11","8,36","8,62","8,63","8,76","8,84","9,11",,,,,,
RLS026,26,Tapanuli Selatan,Sumatera Utara,"7,87","7,92","7,96","8,04","8,22","8,27","8,35","8,67","8,7","8,97","9,28","9,29","9,34","9,51","9,56",,,,,,
RLS027,27,Tapanuli Tengah,Sumatera Utara,"7,36","7,41","7,45","7,5","7,55","8,02","8,03","8,28","8,29","8,48","8,62","8,84","8,86","8,87","8,92",,,,,,
RLS028,28,Tapanuli Utara,Sumatera Utara,"8,54","8,6","8,79","9,04","9,05","9,31","9,32","9,46","9,65","9,71","9,85","9,99",10,"10,09","10,31",,,,,,
RLS029,29,Toba Samosir / Toba,Sumatera Utara,"9,67","9,71","9,75","9,79","9,83","10,08","10,09","10,1","10,34","10,36","10,52","10,57","10,58","10,59","10,77",,,,,,
RLS030,30,Labuhan Batu,Sumatera Utara,"8,17","8,32","8,46","8,6","8,68","8,75","8,78","9,01","9,04","9,23","9,24","9,25","9,4","9,49","9,5",,,,,,
RLS031,31,Asahan,Sumatera Utara,"7,57","7,71","7,8","7,89","7,98","8,32","8,33","8,46","8,47","8,49","8,79","8,8","8,82","8,83","8,85",,,,,,
RLS032,32,Simalungun,Sumatera Utara,"8,31","8,33","8,35","8,37","8,7","8,8","8,86","8,95","9,18","9,36","9,6","9,61","9,63","9,72","9,73",,,,,,
RLS033,33,Dairi,Sumatera Utara,"8,29","8,41","8,54","8,58","8,59","8,69","8,7","8,9","9,15","9,34","9,58","9,59","9,72","9,88","9,89",,,,,,
RLS034,34,Karo,Sumatera Utara,"8,88","9,03","9,17","9,25","9,33","9,5","9,51","9,54","9,55","9,62","9,79",10,"10,02","10,03","10,12",,,,,,
RLS035,35,Deli Serdang,Sumatera Utara,"9,19","9,2","9,21","9,37","9,46","9,48","9,68","9,7","9,92","10,08","10,09","10,1","10,27","10,28","10,29",,,,,,
RLS036,36,Langkat,Sumatera Utara,"7,48","7,59","7,69","7,69","7,85","7,92","8,18","8,51","8,52","8,64","8,65","8,66","8,68","8,73","8,74",,,,,,
RLS037,37,Nias Selatan,Sumatera Utara,"3,35","3,75","3,8","4,28","4,64","4,64","4,65","4,95","5,2","5,53","5,85","6,06","6,23","6,48","6,52",,,,,,
RLS038,38,Humbang Hasundutan,Sumatera Utara,"8,57","8,65","8,76","8,8","8,88","8,9","8,91","9,1","9,28","9,53","9,54","9,71",10,"10,01","10,13",,,,,,
RLS039,39,Pakpak Bharat,Sumatera Utara,"7,45","7,77","8,08","8,25","8,39","8,45","8,46","8,47","8,48","8,73","9,03","9,14","9,39","9,61","9,73",,,,,,
RLS040,40,Samosir,Sumatera Utara,"8,36","8,41","8,46","8,52","8,57","8,84","8,94","8,95","9,14","9,15","9,43","9,44","9,46","9,47","9,61",,,,,,
RLS041,41,Serdang Bedagai,Sumatera Utara,"7,69","7,74","7,78","8,02","8,04","8,08","8,34","8,35","8,51","8,53","8,54","8,69","8,71","8,85","9,12",,,,,,
RLS042,42,Batu Bara,Sumatera Utara,"7,41","7,47","7,53","7,7","7,72","7,74","7,75","7,83","7,84","8,02","8,06","8,07","8,26","8,5","8,51",,,,,,
RLS043,43,Padang Lawas Utara,Sumatera Utara,"8,37","8,39","8,4","8,41","8,44","8,91","8,92","8,93","9,06","9,1","9,37","9,38","9,46","9,55","9,82",,,,,,
RLS044,44,Padang Lawas,Sumatera Utara,"7,65","7,97","8,13","8,14","8,16","8,4","8,41","8,43","8,67","8,69","9,01","9,02","9,31","9,43","9,63",,,,,,
RLS045,45,Labuhan Batu Selatan,Sumatera Utara,"7,49","7,73","7,95","8,25","8,67","8,68","8,69","8,7","8,71","8,74","8,75","8,9","8,92","8,93","9,19",,,,,,
RLS046,46,Labuhan Batu Utara,Sumatera Utara,"7,44","7,75","7,92","8,1","8,27","8,31","8,33","8,34","8,35","8,36","8,4","8,41","8,64","8,87","9,14",,,,,,
RLS047,47,Nias Utara,Sumatera Utara,-,"5,36","5,46","5,55","6,05","6,06","6,07","6,08","6,09","6,25","6,58","6,77","6,78","6,85","7,05",,,,,,
RLS048,48,Nias Barat,Sumatera Utara,-,"4,78","5,18","5,25","5,73","5,74","5,77","5,78",6,"6,14","6,49","6,69","6,97","7,07","7,26",,,,,,
RLS049,49,Kota Sibolga,Sumatera Utara,"9,33","9,53","9,53","9,73","9,83","9,85","9,86","9,87","9,91","10,18","10,4","10,41","10,43","10,44","10,45",,,,,,
RLS050,50,Kota Tanjung Balai,Sumatera Utara,"8,53","8,66","8,88","8,9","9,03","9,12","9,13","9,14","9,24","9,26","9,44","9,45","9,55","9,68","9,69",,,,,,
RLS051,51,Kota Pematang Siantar,Sumatera Utara,"10,39","10,43","10,62","10,62","10,7","10,73","10,75","11,06","11,08","11,15","11,16","11,29","11,31","11,58","11,82",,,,,,
RLS052,52,Kota Tebing Tinggi,Sumatera Utara,"9,5","9,69","9,86","10,04","10,05","10,06","10,07","10,09","10,24","10,28","10,31","10,44","10,65","10,86","10,87",,,,,,
RLS053,53,Kota Medan,Sumatera Utara,"10,54","10,63","10,72","10,76","10,88",11,"11,18","11,25","11,37","11,38","11,39","11,48","11,5","11,62","11,79",,,,,,
RLS054,54,Kota Binjai,Sumatera Utara,"9,48","9,61","9,74","9,75","9,77","10,28","10,28","10,58","10,75","10,77","10,93","10,94","11,18","11,19","11,2",,,,,,
RLS055,55,Kota Padangsidimpuan,Sumatera Utara,"10,02","10,04","10,05","10,1","10,13","10,47","10,48","10,56","10,63","10,7",11,"11,09","11,11","11,12","11,13",,,,,,
RLS056,56,Kota Gunungsitoli,Sumatera Utara,-,"7,2","7,55","8,16","8,17","8,18","8,2","8,4","8,41","8,58","8,61","8,62","8,64","8,65","8,76",,,,,,
RLS057,57,Kepulauan Mentawai,Sumatera Barat,"6,14","6,15","6,16","6,17","6,19","6,27","6,52","6,69","6,95","7,08","7,09","7,2","7,48","7,76","8,03",,,,,,
RLS058,58,Pesisir Selatan,Sumatera Barat,"7,34","7,57","7,79","8,05","8,1","8,11","8,12","8,13","8,14","8,25","8,26","8,27","8,43","8,58","8,81",,,,,,
RLS059,59,Solok,Sumatera Barat,"7,16","7,3","7,44","7,53","7,56","7,57","7,58","7,6","7,84","7,85","7,86","7,87","7,89","7,9","7,91",,,,,,
RLS060,60,Sijunjung,Sumatera Barat,"7,09","7,1","7,2","7,3","7,32","7,33","7,5","7,72","7,77","8,1","8,11","8,12","8,3","8,57","8,62",,,,,,
RLS061,61,Tanah Datar,Sumatera Barat,"7,48","7,58","7,63","7,78","7,8","7,93","8,12","8,14","8,44","8,45","8,61","8,62","8,9","9,02","9,29",,,,,,
RLS062,62,Padang Pariaman,Sumatera Barat,"6,62","6,68","6,77","6,86","6,88","6,89",7,"7,21","7,5","7,86","7,87","7,88","8,16","8,41","8,42",,,,,,
RLS063,63,Agam,Sumatera Barat,"7,56","7,68","7,91","8,09","8,1","8,17","8,18","8,39","8,69","8,85","8,96","8,97","8,98","9,22","9,23",,,,,,
RLS064,64,Lima Puluh Kota,Sumatera Barat,"7,37","7,4","7,52","7,58","7,59","7,91","7,92","7,96","7,97","7,98","7,99","8,07","8,08","8,12","8,13",,,,,,
RLS065,65,Pasaman,Sumatera Barat,"7,26","7,37","7,48","7,6","7,62","7,63","7,64","7,65","7,66","7,86","8,09","8,1","8,11","8,13","8,14",,,,,,
RLS066,66,Solok Selatan,Sumatera Barat,"7,37","7,4","7,44","7,8","7,97","7,98","7,99",8,"8,15","8,16","8,28","8,32","8,41","8,69","8,85",,,,,,
RLS067,67,Dharmasraya,Sumatera Barat,"7,43","7,83","7,88","7,94","7,99","8,03","8,23","8,24","8,25","8,46","8,47","8,55","8,56","8,71","8,98",,,,,,
RLS068,68,Pasaman Barat,Sumatera Barat,"7,08","7,24","7,39","7,5","7,53","7,83","7,84","7,85","7,86","8,06","8,19","8,27","8,55","8,81","8,99",,,,,,
RLS069,69,Kota Padang,Sumatera Barat,"10,34","10,52","10,75","10,89","10,93","10,97","11,24","11,32","11,33","11,34","11,58","11,59","11,6","11,62","11,63",,,,,,
RLS070,70,Kota Solok,Sumatera Barat,"10,28","10,3","10,35","10,72","10,75","10,77","10,79","10,95","11,01","11,02","11,03","11,04","11,35","11,36","11,37",,,,,,
RLS071,71,Kota Sawah Lunto,Sumatera Barat,"8,96","9,05","9,32","9,45","9,65","9,66","9,92","9,93","9,94","9,97","10,17","10,32","10,43","10,44","10,53",,,,,,
RLS072,72,Kota Padang Panjang,Sumatera Barat,10,"10,19","10,36","10,53","10,79","11,09","11,42","11,43","11,44","11,45","11,62","11,63","11,92","11,94",12,,,,,,
RLS073,73,Kota Bukittinggi,Sumatera Barat,"10,5","10,56","10,62","10,66","10,71","10,79","10,98","11,3","11,31","11,32","11,33","11,34","11,63","11,64","11,65",,,,,,
RLS074,74,Kota Payakumbuh,Sumatera Barat,"9,53","9,68","9,83","9,93","9,96","10,29","10,3","10,45","10,46","10,72","10,73","10,81","10,82","10,88","10,89",,,,,,
RLS075,75,Kota Pariaman,Sumatera Barat,"8,98","9,27","9,32","9,88","9,94","9,96","10,09","10,1","10,36","10,37","10,59","10,67","10,78","10,79","11,06",,,,,,
RLS076,76,Kuantan Singingi,Riau,"7,19","7,46","7,68","7,7","8,17","8,18","8,19","8,2","8,31","8,58","8,59","8,75","8,76","8,9","9,14",,,,,,
RLS077,77,Indragiri Hulu,Riau,"7,2","7,31","7,38","7,46","7,55","7,82","7,83","7,89","8,16","8,17","8,38","8,39","8,4","8,42","8,43",,,,,,
RLS078,78,Indragiri Hilir,Riau,"6,54","6,66","6,7","6,74","6,81","6,82","6,94","7,18","7,19","7,22","7,23","7,24","7,26","7,31","7,32",,,,,,
RLS079,79,Pelalawan,Riau,"6,94","7,2","7,41","7,74","7,82","8,17","8,18","8,19","8,44","8,49","8,5","8,7","8,72","8,73","8,96",,,,,,
RLS080,80,Siak,Riau,"8,6","8,72","8,77","8,81","9,05","9,2","9,21","9,4","9,64","9,65","9,66","9,86","9,87","9,88","9,92",,,,,,
RLS081,81,Kampar,Riau,"8,08","8,56","8,59","8,62","8,62","8,84","8,85","9,09","9,1","9,25","9,26","9,27","9,39","9,4","9,58",,,,,,
RLS082,82,Rokan Hulu,Riau,"7,18","7,24","7,31","7,38","7,83","7,84","7,97","8,18","8,37","8,38","8,39","8,54","8,55","8,81","8,94",,,,,,
RLS083,83,Bengkalis,Riau,"8,14","8,34","8,64","8,76","8,8","8,82","8,83","8,89","9,21","9,41","9,69","9,7","9,71","9,73","9,74",,,,,,
RLS084,84,Rokan Hilir,Riau,"7,24","7,3","7,36","7,42","7,62","7,62","7,88","7,89","8,15","8,24","8,25","8,26","8,28","8,52","8,53",,,,,,
RLS085,85,Kepulauan Meranti,Riau,"6,12","6,27","6,8","7,33","7,44","7,45","7,46","7,47","7,48","7,51","7,7","7,84","7,88","7,99","8,12",,,,,,
RLS086,86,Kota Pekanbaru,Riau,"10,67","10,84","10,88","10,93","10,95","10,97","11,2","11,21","11,22","11,43","11,68","11,92","11,93","11,94","11,96",,,,,,
RLS087,87,Kota Dumai,Riau,"9,36","9,42","9,48","9,54","9,56","9,57","9,58","9,67","9,84","9,85","10,07","10,14","10,15","10,16","10,29",,,,,,
RLS088,88,Kerinci,Jambi,"6,85","7,05","7,36","7,71","7,77","7,78","8,06","8,19","8,2","8,21","8,55","8,56","8,57","8,59","8,6",,,,,,
RLS089,89,Merangin,Jambi,"6,58","6,71","6,89",7,"7,04","7,08","7,44","7,62","7,67","7,68","7,76","7,9","7,91","8,13","8,4",,,,,,
RLS090,90,Sarolangun,Jambi,"6,59","6,64","6,93","7,12","7,23","7,24","7,34","7,47","7,63","7,76","7,87","8,04","8,12","8,14","8,35",,,,,,
RLS091,91,Batang Hari,Jambi,"7,18","7,35","7,38","7,41","7,43","7,44","7,69","7,77","7,82","7,85","8,11","8,12","8,21","8,22","8,35",,,,,,
RLS092,92,Muaro Jambi,Jambi,"7,39","7,44","7,5","7,56","7,68","8,01","8,02","8,08","8,09","8,33","8,57","8,58","8,59","8,69","8,7",,,,,,
RLS093,93,Tanjung Jabung Timur,Jambi,"4,87","5,11","5,57","5,9","5,93","6,26","6,32","6,33","6,34","6,35","6,7","6,92","7,19","7,43","7,7",,,,,,
RLS094,94,Tanjung Jabung Barat,Jambi,"6,72","6,86",7,"7,24","7,28","7,37","7,43","7,44","7,56","7,7","7,71",8,"8,18","8,31","8,32",,,,,,
RLS095,95,Tebo,Jambi,"6,58","6,87","6,98","7,27","7,48","7,53","7,54","7,55","7,56","7,57","7,58","7,59","7,7","7,94","8,04",,,,,,
RLS096,96,Bungo,Jambi,"7,77","7,79","7,82","7,85","7,86","7,87","7,99","8,08","8,09","8,15","8,27","8,28","8,29","8,39","8,6",,,,,,
RLS097,97,Kota Jambi,Jambi,"9,62","9,86","10,3","10,55","10,62","10,63","10,65","10,66","10,67","10,91","10,92","11,2","11,21","11,32","11,51",,,,,,
RLS098,98,Kota Sungai Penuh,Jambi,"8,72","8,84","8,9","8,97","9,05","9,17","9,33","9,55","9,84","10,08","10,32","10,33","10,34","10,36","10,48",,,,,,
RLS099,99,Ogan Komering Ulu,Sumatera Selatan,"7,34","7,42","7,57","7,57","7,91","8,17","8,33","8,67","8,68","8,69","8,7","8,71","8,73","8,85","8,86",,,,,,
RLS100,100,Ogan Komering Ilir,Sumatera Selatan,"5,88","5,89","5,93","6,41","6,44","6,45","6,74","7,01","7,02","7,03","7,04","7,05","7,07","7,08","7,19",,,,,,
RLS101,101,Muara Enim,Sumatera Selatan,"6,77","6,97","6,97","7,16","7,19","7,4","7,41","7,49","7,6","7,78","7,79","7,8","7,9","8,14","8,27",,,,,,
RLS102,102,Lahat,Sumatera Selatan,"7,25","7,42","7,74","7,76","7,86","8,09","8,1","8,43","8,44","8,45","8,46","8,52","8,53","8,56","8,69",,,,,,
RLS103,103,Musi Rawas,Sumatera Selatan,"5,82","6,07","6,11","6,16","6,61","6,69","6,85","7,18","7,28","7,51","7,52","7,53","7,55","7,56","7,57",,,,,,
RLS104,104,Musi Banyuasin,Sumatera Selatan,"7,03","7,08","7,12","7,17","7,18","7,54","7,55","7,59","7,6","7,61","7,62","7,63","7,65","7,68","7,95",,,,,,
RLS105,105,Banyu Asin,Sumatera Selatan,"6,18","6,21","6,49","6,55","6,87","6,88","6,89","7,16","7,17","7,19","7,2","7,44","7,45","7,46","7,48",,,,,,
RLS106,106,Ogan Komering Ulu Selatan,Sumatera Selatan,"6,7","6,88","6,92","7,26","7,3","7,46","7,47","7,66","7,82","7,83","7,84","7,85","7,86","8,05","8,25",,,,,,
RLS107,107,Ogan Komering Ulu Timur,Sumatera Selatan,"6,16","6,5","6,66","6,82","7,05","7,05","7,06","7,12","7,27","7,54","7,55","7,56","7,8","8,07","8,08",,,,,,
RLS108,108,Ogan Ilir,Sumatera Selatan,"6,41","6,72","6,87","7,01","7,34","7,35","7,36","7,37","7,58","7,85","7,86","7,87","7,91","8,08","8,09",,,,,,
RLS109,109,Empat Lawang,Sumatera Selatan,"6,59","6,92","6,97","7,02","7,14","7,29","7,3","7,37","7,38","7,39","7,6","7,64","7,65","7,66","7,68",,,,,,
RLS110,110,Penukal Abab Lematang Ilir,Sumatera Selatan,-,-,-,"6,49","6,5","6,53","6,54","6,57","6,58","6,75","7,04","7,05","7,06","7,08","7,27",,,,,,
RLS111,111,Musi Rawas Utara,Sumatera Selatan,-,-,-,"5,71","6,06","6,33","6,43","6,44","6,45","6,5","6,84","7,09","7,26","7,5","7,51",,,,,,
RLS112,112,Kota Palembang,Sumatera Selatan,"9,64","9,82",10,"10,19","10,23","10,25","10,35","10,36","10,37","10,52","10,53","10,75","10,91","10,92","10,93",,,,,,
RLS113,113,Kota Prabumulih,Sumatera Selatan,"8,39","8,89","9,13","9,52","9,6","9,62","9,67","9,68","9,71","9,72","9,96","9,97","10,2","10,35","10,36",,,,,,
RLS114,114,Kota Pagar Alam,Sumatera Selatan,"8,37","8,4","8,42","8,45","8,61","8,63","8,64","8,93","9,08","9,14","9,39","9,4","9,41","9,43","9,44",,,,,,
RLS115,115,Kota Lubuklinggau,Sumatera Selatan,"9,01","9,11","9,2","9,29","9,32","9,47","9,49","9,5","9,51","9,81","9,89","9,9","9,91","9,93","9,94",,,,,,
RLS116,116,Bengkulu Selatan,Bengkulu,"8,14","8,24","8,36","8,71","8,75","8,76","8,77","8,78","9,01","9,02","9,26","9,27","9,39","9,41","9,42",,,,,,
RLS117,117,Rejang Lebong,Bengkulu,"7,38","7,54","7,57","7,59","7,6","7,9","8,03","8,04","8,05","8,26","8,28","8,33","8,55","8,8","8,81",,,,,,
RLS118,118,Bengkulu Utara,Bengkulu,"6,83","7,13","7,27","7,74","7,8","7,81","7,82","7,83","7,85","7,86","7,87","8,09","8,1","8,11","8,32",,,,,,
RLS119,119,Kaur,Bengkulu,"7,69","7,71","7,73","7,76","7,76","7,78","7,8","7,96","8,24","8,25","8,37","8,38","8,39","8,41","8,47",,,,,,
RLS120,120,Seluma,Bengkulu,"7,06","7,09","7,11","7,13","7,37","7,38","7,55","7,75","7,9","7,91","7,99",8,"8,09","8,13","8,14",,,,,,
RLS121,121,Mukomuko,Bengkulu,"6,93","7,06","7,19","7,33","7,4","7,42","7,85","7,87","7,88","7,99","8,29","8,3","8,31","8,56","8,57",,,,,,
RLS122,122,Lebong,Bengkulu,"7,35","7,35","7,35","7,35","7,62","7,77","7,86","7,87","7,89","7,9","7,99","8,18","8,24","8,26","8,41",,,,,,
RLS123,123,Kepahiang,Bengkulu,"7,06","7,14","7,18","7,22","7,5","7,51","7,83","7,84","7,92","7,93","8,24","8,29","8,3","8,36","8,37",,,,,,
RLS124,124,Bengkulu Tengah,Bengkulu,"6,36","6,48","6,65","6,81","6,86","6,88","6,89","6,9","7,14","7,22","7,47","7,48","7,49","7,51","7,71",,,,,,
RLS125,125,Kota Bengkulu,Bengkulu,"10,92","11,04","11,17","11,29","11,44","11,45","11,46","11,57","11,58","11,78","11,79","11,8","11,82","11,83","11,84",,,,,,
RLS126,126,Lampung Barat,Lampung,"6,68","6,85","7,03","7,21","7,25","7,27","7,28","7,33","7,6","7,85","8,06","8,07","8,2","8,36","8,56",,,,,,
RLS127,127,Tanggamus,Lampung,"6,16","6,19","6,27","6,35","6,63","6,86","6,87","6,88","6,96","7,21","7,22","7,34","7,35","7,36","7,38",,,,,,
RLS128,128,Lampung Selatan,Lampung,"6,36","6,55","6,72","6,89","7,01","7,24","7,53","7,66","7,67","7,68","7,69","7,7","7,72","7,77","7,78",,,,,,
RLS129,129,Lampung Timur,Lampung,"6,76","6,87","7,01","7,15","7,16","7,2","7,55","7,56","7,57","7,59","7,6","7,77","8,04","8,14","8,2",,,,,,
RLS130,130,Lampung Tengah,Lampung,"6,82","6,92","7,03","7,04","7,06","7,14","7,37","7,38","7,51","7,57","7,58","7,59","7,64","7,81","7,97",,,,,,
RLS131,131,Lampung Utara,Lampung,"7,01","7,41","7,42","7,42","7,69","7,7","7,71","7,99","8,19","8,2","8,21","8,34","8,35","8,36","8,38",,,,,,
RLS132,132,Way Kanan,Lampung,"6,25","6,4","6,41","6,68","6,76","7,32","7,33","7,34","7,35","7,39","7,7","7,71","7,72","7,74","7,75",,,,,,
RLS133,133,Tulangbawang,Lampung,"6,49","6,58","6,71","6,84","7,1","7,11","7,12","7,15","7,22","7,23","7,49","7,55","7,56","7,57","7,65",,,,,,
RLS134,134,Pesawaran,Lampung,"6,74","6,75","6,77","6,99","7,21","7,23","7,24","7,45","7,47","7,6","7,7","7,71","7,77","7,99",8,,,,,,
RLS135,135,Pringsewu,Lampung,-,"7,39","7,45","7,51","7,53","7,83","7,84","7,85","8,01","8,19","8,38","8,39","8,4","8,42","8,53",,,,,,
RLS136,136,Mesuji,Lampung,-,"5,62","5,63","5,65","5,8","6,12","6,13","6,39","6,6","6,61","6,88","7,08","7,09","7,11","7,21",,,,,,
RLS137,137,Tulang Bawang Barat,Lampung,-,"6,35","6,42","6,48","6,81","6,82","6,83","7,09","7,1","7,13","7,24","7,39","7,72","7,79","7,8",,,,,,
RLS138,138,Pesisir Barat,Lampung,-,-,-,"7,35","7,36","7,47","7,48","7,58","7,59","7,82","8,01","8,19","8,53","8,7","8,73",,,,,,
RLS139,139,Kota Bandar Lampung,Lampung,"9,56","9,95","10,16","10,77","10,85","10,87","10,88","10,89","10,9","10,92","10,93","10,95","10,96","10,97","10,99",,,,,,
RLS140,140,Kota Metro,Lampung,"9,4","9,74","9,75","10,47","10,54","10,55","10,56","10,57","10,61","10,64","10,96","10,97","10,98",11,"11,01",,,,,,
RLS141,141,Bangka,Kep. Bangka Belitung,"7,25","7,54","7,76","7,88","7,92","7,94","7,96","8,19","8,2","8,23","8,24","8,25","8,27","8,32","8,45",,,,,,
RLS142,142,Belitung,Kep. Bangka Belitung,"7,28","7,33","7,42","8,02","8,07","8,09","8,1","8,11","8,15","8,41","8,46","8,47","8,74","8,98","9,05",,,,,,
RLS143,143,Bangka Barat,Kep. Bangka Belitung,"5,99","6,16","6,3","6,43","6,57","6,68","6,89","7,06","7,18","7,21","7,22","7,44","7,46","7,47","7,48",,,,,,
RLS144,144,Bangka Tengah,Kep. Bangka Belitung,"6,31","6,35","6,5","6,65","6,68","6,7","6,71","6,79","6,8","7,13","7,19","7,2","7,22","7,23","7,24",,,,,,
RLS145,145,Bangka Selatan,Kep. Bangka Belitung,"5,34","5,39","5,44","5,83","5,87","5,88","5,96","6,12","6,36","6,42","6,67","6,71","6,89","6,91","6,93",,,,,,
RLS146,146,Belitung Timur,Kep. Bangka Belitung,"6,96","7,24","7,51","7,83","7,89","7,91","7,95",8,"8,14","8,15","8,22","8,47","8,67","8,9","8,99",,,,,,
RLS147,147,Kota Pangkal Pinang,Kep. Bangka Belitung,"9,46","9,51","9,56","9,62","9,63","9,75","9,76","9,77","9,78","9,8","9,92","10,13","10,27","10,5","10,67",,,,,,
RLS148,148,Karimun,Kepulauan Riau,"6,88","6,89","7,25","7,67","7,73","7,74","7,75","7,8","7,81","7,92","8,17","8,18","8,48","8,69","8,91",,,,,,
RLS149,149,Bintan,Kepulauan Riau,"8,08","8,13","8,18","8,23","8,3","8,32","8,33","8,34","8,35","8,36","8,44","8,67","8,7","8,92","9,15",,,,,,
RLS150,150,Natuna,Kepulauan Riau,"7,06","7,33","7,75","7,87","8,07","8,45","8,46","8,47","8,71","8,72","8,73","8,92","8,96","9,08","9,2",,,,,,
RLS151,151,Lingga,Kepulauan Riau,"5,24","5,3","5,35","5,4","5,53","5,54","5,85","5,97","6,27","6,51","6,67","6,88","7,12","7,35","7,6",,,,,,
RLS152,152,Kepulauan Anambas,Kepulauan Riau,"6,1","6,11","6,13","6,14","6,16","6,62","6,63","6,69","6,7","6,91","7,17","7,34","7,38","7,4","7,53",,,,,,
RLS153,153,Kota Batam,Kepulauan Riau,"10,53","10,74","10,77","10,79","10,8","10,81","11,1","11,11","11,12","11,13","11,14","11,15","11,17","11,19","11,21",,,,,,
RLS154,154,Kota Tanjung Pinang,Kepulauan Riau,"9,14","9,47","9,8","9,89","9,94","9,95","9,96","9,97","9,98","9,99","10,25","10,26","10,49","10,65","10,67",,,,,,
RLS155,155,Kep. Seribu,DKI Jakarta,"7,42","7,58","7,79","7,99","8,03","8,04","8,24","8,25","8,46","8,47","8,68","8,81","9,02","9,03","9,26",,,,,,
RLS156,156,Kota Jakarta Selatan,DKI Jakarta,"10,68","10,81","10,86","10,95","10,97","11,23","11,42","11,47","11,57","11,62","11,63","11,64","11,66","11,75","11,95",,,,,,
RLS157,157,Kota Jakarta Timur,DKI Jakarta,"10,78","10,93","11,08","11,18","11,21","11,32","11,52","11,6","11,64","11,65","11,66","11,67","11,73","11,88","11,99",,,,,,
RLS158,158,Kota Jakarta Pusat,DKI Jakarta,"10,56","10,67","10,77","10,85","10,87","10,88","11,01","11,02","11,24","11,25","11,38","11,39","11,53","11,54","11,61",,,,,,
RLS159,159,Kota Jakarta Barat,DKI Jakarta,"9,78","9,82","9,93","10,04","10,13","10,15","10,36","10,37","10,38","10,4","10,63","10,78","11,13","11,23","11,24",,,,,,
RLS160,160,Kota Jakarta Utara,DKI Jakarta,"9,78","9,78","9,78","9,85","9,85","10,05","10,23","10,6","10,69","10,7","10,8","10,81","10,82","10,84","10,85",,,,,,
RLS161,161,Bogor,Jawa Barat,"6,9","6,92","7,27","7,4","7,74","7,75","7,83","7,84","7,88","8,29","8,3","8,31","8,34","8,37","8,39",,,,,,
RLS162,162,Sukabumi,Jawa Barat,"5,82","6,07","6,32","6,32","6,36","6,51","6,74","6,79","6,8","7,02","7,07","7,1","7,11","7,33","7,34",,,,,,
RLS163,163,Cianjur,Jawa Barat,"6,17","6,28","6,39","6,5","6,52","6,54","6,61","6,92","6,93","6,97","7,18","7,19","7,2","7,22","7,33",,,,,,
RLS164,164,Bandung,Jawa Barat,"7,98","8,14","8,16","8,18","8,34","8,41","8,5","8,51","8,58","8,79","8,96","9,07","9,08","9,1","9,15",,,,,,
RLS165,165,Garut,Jawa Barat,"6,68","6,71","6,75","6,8","6,83","6,84","6,88","7,28","7,5","7,51","7,52","7,53","7,83","7,84","7,85",,,,,,
RLS166,166,Tasikmalaya,Jawa Barat,"6,59","6,64","6,68","6,69","6,87","6,88","6,94","7,12","7,13","7,17","7,35","7,48","7,73","7,96","7,97",,,,,,
RLS167,167,Ciamis,Jawa Barat,"6,96","7,14","7,17","7,2","7,44","7,45","7,55","7,59","7,6","7,69","7,7","7,9",8,"8,09","8,1",,,,,,
RLS168,168,Kuningan,Jawa Barat,"6,58","6,87","6,93","6,98","7,04","7,2","7,34","7,35","7,36","7,38","7,57","7,8","7,88","7,89","7,9",,,,,,
RLS169,169,Cirebon,Jawa Barat,"5,92","5,97","6,03","6,08","6,31","6,32","6,41","6,61","6,62","6,71","6,92","7,1","7,4","7,64","7,65",,,,,,
RLS170,170,Majalengka,Jawa Barat,"6,35","6,46","6,59","6,72","6,75","6,8","6,89","6,9","6,91","7,09","7,27","7,31","7,49","7,52","7,53",,,,,,
RLS171,171,Sumedang,Jawa Barat,"7,51","7,51","7,51","7,51","7,66","7,66","7,72","7,98","8,17","8,27","8,51","8,52","8,72","8,73","8,74",,,,,,
RLS172,172,Indramayu,Jawa Barat,"4,93","4,93","5,09","5,29","5,45","5,46","5,56","5,97","5,98","5,99","6,3","6,52","6,83","6,94","6,95",,,,,,
RLS173,173,Subang,Jawa Barat,"5,84","6,01","6,17","6,29","6,44","6,45","6,58","6,83","6,84","6,85","7,1","7,11","7,2","7,45","7,46",,,,,,
RLS174,174,Purwakarta,Jawa Barat,"7,01","7,04","7,07","7,11","7,17","7,35","7,42","7,74","7,75","7,92","8,09","8,1","8,11","8,13","8,14",,,,,,
RLS175,175,Karawang,Jawa Barat,"5,99","6,23","6,52","6,73","6,78","6,81","6,94","7,34","7,35","7,65","7,77","7,78","7,96","8,04","8,05",,,,,,
RLS176,176,Bekasi,Jawa Barat,"7,51","7,98","8,25","8,34","8,38","8,66","8,81","8,82","8,84","8,84","9,12","9,3","9,53","9,57","9,76",,,,,,
RLS177,177,Bandung Barat,Jawa Barat,"7,03","7,33","7,36","7,39","7,51","7,53","7,63","7,74","7,97","8,18","8,19","8,2","8,22","8,23","8,24",,,,,,
RLS178,178,Pangandaran,Jawa Barat,-,-,-,"7,01","7,05","7,06","7,07","7,37","7,58","7,67","7,74","7,85","8,03","8,04","8,1",,,,,,
RLS179,179,Kota Bogor,Jawa Barat,"9,25","9,43","9,6","9,96","10,01","10,2","10,28","10,29","10,3","10,32","10,33","10,53","10,63","10,64","10,71",,,,,,
RLS180,180,Kota Sukabumi,Jawa Barat,"7,82","8,16","8,52","8,52","8,7","9,08","9,28","9,52","9,53","9,58","9,59","9,81","10,14","10,37","10,38",,,,,,
RLS181,181,Kota Bandung,Jawa Barat,"10,32","10,33","10,35","10,37","10,51","10,52","10,58","10,59","10,63","10,74","10,75","10,99",11,"11,06","11,07",,,,,,
RLS182,182,Kota Cirebon,Jawa Barat,"9,09","9,31","9,32","9,33","9,53","9,76","9,87","9,88","9,89","9,9","9,91","10,12","10,33","10,37","10,53",,,,,,
RLS183,183,Kota Bekasi,Jawa Barat,"10,07","10,43","10,46","10,49","10,55","10,71","10,78","10,93","11,09","11,1","11,16","11,31","11,44","11,66","11,79",,,,,,
RLS184,184,Kota Depok,Jawa Barat,"10,06","10,22","10,32","10,43","10,58","10,71","10,76","10,84","10,85",11,"11,28","11,46","11,47","11,58","11,59",,,,,,
RLS185,185,Kota Cimahi,Jawa Barat,"10,33","10,38","10,44","10,66","10,78","10,78","10,89","10,93","10,94","10,95","10,96","11,08","11,21","11,39","11,52",,,,,,
RLS186,186,Kota Tasikmalaya,Jawa Barat,"8,23","8,28","8,34","8,44","8,51","8,56","8,63","9,03","9,04","9,13","9,33","9,52","9,53","9,54","9,63",,,,,,
RLS187,187,Kota Banjar,Jawa Barat,"7,45","7,51","7,58","7,66","7,77","8,06","8,19","8,59","8,6","8,62","8,63","8,77","8,78","8,79","8,83",,,,,,
RLS188,188,Cilacap,Jawa Tengah,"6,26","6,27","6,28","6,43","6,48","6,58","6,9","6,91","6,92","6,93","6,97","7,09","7,18","7,39","7,4",,,,,,
RLS189,189,Banyumas,Jawa Tengah,"6,82","6,94","7,06","7,18","7,31","7,31","7,39","7,4","7,41","7,42","7,52","7,63","7,78","7,87","7,91",,,,,,
RLS190,190,Purbalingga,Jawa Tengah,"6,22","6,33","6,44","6,68","6,84","6,85","6,86","6,87",7,"7,14","7,24","7,25","7,33","7,34","7,36",,,,,,
RLS191,191,Banjarnegara,Jawa Tengah,"5,84","5,84","5,85","5,86","5,9","6,17","6,26","6,27","6,28","6,5","6,74","6,75","6,84","6,86","6,87",,,,,,
RLS192,192,Kebumen,Jawa Tengah,"6,21","6,29","6,3","6,39","6,75","7,04","7,05","7,29","7,34","7,53","7,54","7,55","7,85","7,86","7,87",,,,,,
RLS193,193,Purworejo,Jawa Tengah,"7,39","7,45","7,51","7,57","7,63","7,65","7,66","7,69","7,7","7,91","8,12","8,21","8,32","8,46","8,65",,,,,,
RLS194,194,Wonosobo,Jawa Tengah,"5,81","5,87","5,9","5,92","6,07","6,11","6,12","6,51","6,75","6,76","6,81","6,82","6,88","6,89","6,9",,,,,,
RLS195,195,Magelang,Jawa Tengah,"6,46","6,73","6,8","6,88","7,02","7,19","7,4","7,41","7,57","7,77","7,78","7,79","7,81","7,82","7,83",,,,,,
RLS196,196,Boyolali,Jawa Tengah,"6,5","6,53","6,55","6,61","6,69","7,1","7,17","7,44","7,55","7,56","7,84","7,85","8,08","8,09","8,17",,,,,,
RLS197,197,Klaten,Jawa Tengah,"7,33","7,35","7,43","7,74","7,92","8,16","8,22","8,23","8,24","8,31","8,58","8,81","9,09","9,27","9,29",,,,,,
RLS198,198,Sukoharjo,Jawa Tengah,"7,66","7,94","8,09","8,25","8,41","8,5","8,58","8,71","8,84","9,1","9,34","9,35","9,62","9,84","10,01",,,,,,
RLS199,199,Wonogiri,Jawa Tengah,"5,58","5,66","6,03","6,12","6,23","6,39","6,57","6,68","6,88","7,04","7,33","7,34","7,42","7,67","7,68",,,,,,
RLS200,200,Karanganyar,Jawa Tengah,"7,26","7,46","7,8","8,38","8,47","8,48","8,49","8,5","8,51","8,52","8,56","8,57","8,79","9,02","9,26",,,,,,
RLS201,201,Sragen,Jawa Tengah,"6,24","6,26","6,28","6,69","6,85","6,86","6,87","7,04","7,22","7,34","7,65","7,66","7,79","7,87","7,88",,,,,,
RLS202,202,Grobogan,Jawa Tengah,"6,13","6,18","6,23","6,25","6,32","6,33","6,62","6,66","6,67","6,86","6,91","7,11","7,26","7,28","7,29",,,,,,
RLS203,203,Blora,Jawa Tengah,"5,48","5,77","5,83","5,9","6,02","6,04","6,18","6,45","6,46","6,58","6,83","6,99","7,01","7,08","7,26",,,,,,
RLS204,204,Rembang,Jawa Tengah,"6,15","6,28","6,41","6,7","6,9","6,92","6,93","6,94","6,95","7,15","7,16","7,3","7,41","7,72","7,73",,,,,,
RLS205,205,Pati,Jawa Tengah,"6,08","6,11","6,15","6,27","6,35","6,71","6,83","7,08","7,18","7,19","7,44","7,48","7,79","7,8","7,82",,,,,,
RLS206,206,Kudus,Jawa Tengah,"7,45","7,48","7,6","7,73","7,83","7,84","7,85","8,31","8,62","8,63","8,75","8,76","9,06","9,34","9,35",,,,,,
RLS207,207,Jepara,Jawa Tengah,"6,52","6,72","6,96","7,09","7,29","7,31","7,32","7,33","7,43","7,44","7,68","7,79","8,09","8,26","8,27",,,,,,
RLS208,208,Demak,Jawa Tengah,"6,56","6,75","6,88","7,22","7,44","7,45","7,46","7,47","7,48","7,55","7,71","7,86","8,1","8,27","8,28",,,,,,
RLS209,209,Semarang,Jawa Tengah,"7,12","7,2","7,24","7,28","7,31","7,33","7,48","7,87","7,88","8,01","8,02","8,03","8,05","8,07","8,16",,,,,,
RLS210,210,Temanggung,Jawa Tengah,"5,99","6,03","6,08","6,13","6,18","6,52","6,55","6,9","6,94","7,15","7,24","7,25","7,41","7,5","7,53",,,,,,
RLS211,211,Kendal,Jawa Tengah,"6,11","6,24","6,36","6,42","6,53","6,64","6,65","6,85","7,05","7,25","7,45","7,46","7,71","7,73","7,74",,,,,,
RLS212,212,Batang,Jawa Tengah,"5,62","5,66","5,7","5,88",6,"6,41","6,42","6,61","6,62","6,63","6,87","6,88","6,9","7,07","7,08",,,,,,
RLS213,213,Pekalongan,Jawa Tengah,"5,93","6,04","6,15","6,37","6,53","6,55","6,56","6,73","6,74","6,88","6,91","7,17","7,46","7,47","7,48",,,,,,
RLS214,214,Pemalang,Jawa Tengah,"4,94","5,19","5,51","5,72","5,87","6,04","6,05","6,31","6,32","6,41","6,42","6,45","6,5","6,55","6,56",,,,,,
RLS215,215,Tegal,Jawa Tengah,"5,67","5,71","5,78","5,85","5,93","6,3","6,54","6,55","6,7","6,86","6,98","6,99","7,25","7,34","7,36",,,,,,
RLS216,216,Brebes,Jawa Tengah,"5,09","5,24","5,38","5,68","5,86","5,88","6,17","6,18","6,19","6,2","6,21","6,22","6,35","6,4","6,41",,,,,,
RLS217,217,Kota Magelang,Jawa Tengah,"10,08","10,14","10,2","10,22","10,27","10,28","10,29","10,3","10,31","10,33","10,39","10,62","10,94","11,2","11,43",,,,,,
RLS218,218,Kota Surakarta,Jawa Tengah,"9,99","10,05","10,11","10,25","10,33","10,36","10,37","10,38","10,53","10,54","10,69","10,9","10,92",11,"11,25",,,,,,
RLS219,219,Kota Salatiga,Jawa Tengah,"8,86","8,97","9,09","9,2","9,37","9,81","9,82","10,15","10,4","10,41","10,42","10,66","10,95","11,24","11,48",,,,,,
RLS220,220,Kota Semarang,Jawa Tengah,"9,61","9,8","9,92","10,06","10,19","10,2","10,49","10,5","10,51","10,52","10,53","10,78","10,8","10,81","11,05",,,,,,
RLS221,221,Kota Pekalongan,Jawa Tengah,"7,6","7,72","7,8","7,96","8,12","8,28","8,29","8,56","8,57","8,71","8,96","9,18","9,2","9,29","9,34",,,,,,
RLS222,222,Kota Tegal,Jawa Tengah,"7,46","7,66","7,85","8,05","8,26","8,27","8,28","8,29","8,3","8,31","8,51","8,73",9,"9,24","9,28",,,,,,
RLS223,223,Kulon Progo,D I Yogyakarta,"7,85","7,88","7,93","8,02","8,2","8,4","8,5","8,64","8,65","8,66","8,86","9,02","9,17","9,18","9,2",,,,,,
RLS224,224,Bantul,D I Yogyakarta,"8,34","8,35","8,44","8,72","8,74","9,08","9,09","9,2","9,35","9,54","9,55","9,57","9,59","9,79","9,81",,,,,,
RLS225,225,Gunung Kidul,D I Yogyakarta,"5,59","5,74","6,08","6,22","6,45","6,46","6,62","6,99",7,"7,13","7,21","7,3","7,31","7,32","7,35",,,,,,
RLS226,226,Sleman,D I Yogyakarta,"9,79","10,03","10,03","10,03","10,28","10,3","10,64","10,65","10,66","10,67","10,91","10,92","10,94","11,01","11,33",,,,,,
RLS227,227,Kota Yogyakarta,D I Yogyakarta,"10,88","11,01","11,22","11,36","11,39","11,41","11,42","11,43","11,44","11,45","11,46","11,72","11,89","12,11","12,12",,,,,,
RLS228,228,Pacitan,Jawa Timur,6,"6,1","6,21","6,32","6,43","6,88","6,89","7,02","7,19","7,28","7,6","7,61","7,82","7,88","7,9",,,,,,
RLS229,229,Ponorogo,Jawa Timur,"6,12","6,45","6,57","6,86","6,91","6,96","6,97","7,01","7,17","7,21","7,54","7,55","7,77","7,78","7,8",,,,,,
RLS230,230,Trenggalek,Jawa Timur,"6,32","6,36","6,55","6,74","6,87","7,18","7,19","7,2","7,27","7,28","7,55","7,56","7,89","7,9","7,92",,,,,,
RLS231,231,Tulungagung,Jawa Timur,"7,34","7,37","7,41","7,44","7,45","7,72","7,73","7,82","8,06","8,07","8,33","8,34","8,65","8,66","8,68",,,,,,
RLS232,232,Blitar,Jawa Timur,"6,43","6,52","6,59","6,67","6,82","7,24","7,25","7,26","7,27","7,29","7,39","7,5","7,82","7,83","7,87",,,,,,
RLS233,233,Kediri,Jawa Timur,"7,03","7,06","7,08","7,24","7,41","7,41","7,58","7,65","7,68","8,01","8,02","8,08","8,23","8,24","8,26",,,,,,
RLS234,234,Malang,Jawa Timur,"6,34","6,35","6,51","6,59","6,66","6,73","6,98","7,17","7,18","7,27","7,42","7,43","7,68","7,75","7,8",,,,,,
RLS235,235,Lumajang,Jawa Timur,"5,46","5,69","5,78","5,88","6,03","6,04","6,05","6,2","6,21","6,22","6,4","6,67","6,87","7,14","7,27",,,,,,
RLS236,236,Jember,Jawa Timur,"5,49","5,53","5,58","5,62","5,63","5,76","6,05","6,06","6,07","6,18","6,48","6,49","6,5","6,52","6,54",,,,,,
RLS237,237,Banyuwangi,Jawa Timur,"6,38","6,53","6,68","6,84","6,87","6,88","6,93","7,11","7,12","7,13","7,16","7,42","7,66","7,76","7,78",,,,,,
RLS238,238,Bondowoso,Jawa Timur,"4,97","4,97","5,31","5,48","5,52","5,53","5,54","5,55","5,62","5,71","5,93","5,94","6,22","6,36","6,53",,,,,,
RLS239,239,Situbondo,Jawa Timur,"4,91","5,04","5,16","5,28","5,54","5,67","5,68","6,03","6,11","6,12","6,46","6,62","6,63","6,9","6,93",,,,,,
RLS240,240,Probolinggo,Jawa Timur,"5,11","5,13","5,16","5,61","5,64","5,66","5,67","5,68","5,71","5,77","6,11","6,12","6,13","6,29","6,31",,,,,,
RLS241,241,Pasuruan,Jawa Timur,"5,83","5,85","5,96","6,08","6,36","6,5","6,58","6,82","6,83","7,11","7,4","7,41","7,42","7,44","7,46",,,,,,
RLS242,242,Sidoarjo,Jawa Timur,"9,22","9,5","9,7","10,03","10,09","10,1","10,22","10,23","10,24","10,25","10,5","10,72","10,77","10,78","10,91",,,,,,
RLS243,243,Mojokerto,Jawa Timur,"7,22","7,26","7,3","7,57","7,74","7,75","7,76","8,15","8,18","8,49","8,51","8,64","8,97","9,11","9,13",,,,,,
RLS244,244,Jombang,Jawa Timur,"7,26","7,28","7,37","7,4","7,52","7,59","7,68","8,06","8,21","8,53","8,54","8,55","8,76","8,77","8,78",,,,,,
RLS245,245,Nganjuk,Jawa Timur,"6,71","6,83",7,"7,15","7,31","7,33","7,34","7,38","7,61","7,63","7,64","7,78","8,12","8,24","8,25",,,,,,
RLS246,246,Madiun,Jawa Timur,"6,13","6,43","6,74","6,74","6,89","6,99",7,"7,3","7,57","7,8","7,81","7,82","7,94","7,95","8,2",,,,,,
RLS247,247,Magetan,Jawa Timur,"7,12","7,23","7,33","7,43","7,55","7,65","7,66","7,94","7,95","7,96","8,24","8,36","8,66","8,67","8,69",,,,,,
RLS248,248,Ngawi,Jawa Timur,"5,82","6,19","6,23","6,27","6,52","6,53","6,54","6,66","6,88","6,98","7,06","7,26","7,59","7,78","7,84",,,,,,
RLS249,249,Bojonegoro,Jawa Timur,"5,51","5,7","5,8","5,9","6,14","6,64","6,65","6,71","6,77","7,09","7,33","7,38","7,43","7,45","7,59",,,,,,
RLS250,250,Tuban,Jawa Timur,"5,58","5,61","5,82","6,14","6,18","6,2","6,25","6,48","6,52","6,81","6,95","7,18","7,37","7,4","7,53",,,,,,
RLS251,251,Lamongan,Jawa Timur,"6,48","6,63","6,84","7,06","7,27","7,28","7,29","7,54","7,83","7,89","7,92","8,04","8,33","8,34","8,48",,,,,,
RLS252,252,Gresik,Jawa Timur,"7,93","8,26","8,41","8,41","8,42","8,93","8,94","8,95","8,96","9,29","9,3","9,56","9,75","10,01","10,03",,,,,,
RLS253,253,Bangkalan,Jawa Timur,"4,29","4,59","4,89","4,9","5,07","5,08","5,13","5,14","5,33","5,66","5,95","5,96","5,97","5,99","6,01",,,,,,
RLS254,254,Sampang,Jawa Timur,"3,14","3,2","3,27","3,34","3,49","3,65","3,79","4,12","4,36","4,55","4,85","4,86","5,06","5,07","5,08",,,,,,
RLS255,255,Pamekasan,Jawa Timur,"5,11","5,3","5,36","5,68","5,72","5,73","6,08","6,25","6,35","6,4","6,69","6,7","6,88","7,15","7,17",,,,,,
RLS256,256,Sumenep,Jawa Timur,"4,2","4,21","4,48","4,58","4,77","4,89","5,08","5,22","5,23","5,46","5,71","5,92","5,93","5,94","6,1",,,,,,
RLS257,257,Kota Kediri,Jawa Timur,"9,18","9,34","9,49","9,57","9,7","9,88","9,89","9,9","9,91","9,92","9,93","10,15","10,45","10,69","10,92",,,,,,
RLS258,258,Kota Blitar,Jawa Timur,"9,47","9,51","9,52","9,53","9,81","9,87","9,88","9,89","9,9","10,1","10,11","10,35","10,65","10,78","10,82",,,,,,
RLS259,259,Kota Malang,Jawa Timur,"9,38","9,52","9,67","9,82","9,97","10,13","10,14","10,15","10,16","10,17","10,18","10,41","10,69","10,94","11,14",,,,,,
RLS260,260,Kota Probolinggo,Jawa Timur,"8,17","8,17","8,17","8,42","8,44","8,46","8,47","8,48","8,49","8,69","8,7","8,95","9,29","9,56","9,72",,,,,,
RLS261,261,Kota Pasuruan,Jawa Timur,"8,59","8,74","8,88","9,03","9,06","9,07","9,08","9,09","9,1","9,11","9,12","9,33","9,67","9,78","9,94",,,,,,
RLS262,262,Kota Mojokerto,Jawa Timur,"9,79","9,83","9,87","9,91","9,91","9,92","9,93","9,98","9,99","10,24","10,25","10,47","10,8","11,05","11,38",,,,,,
RLS263,263,Kota Madiun,Jawa Timur,"10,32","10,5","10,68","10,86","10,9","11,08","11,09","11,1","11,11","11,13","11,14","11,37","11,67","11,82","12,11",,,,,,
RLS264,264,Kota Surabaya,Jawa Timur,"9,76","9,85","9,95","10,05","10,07","10,24","10,44","10,45","10,46","10,47","10,49","10,5","10,51","10,7","10,89",,,,,,
RLS265,265,Kota Batu,Jawa Timur,"7,31","7,64","7,75","8,34","8,41","8,44","8,45","8,46","8,77","9,06","9,07","9,31","9,63","9,85","9,87",,,,,,
RLS266,266,Pandeglang,Banten,"6,33","6,38","6,43","6,44","6,45","6,6","6,62","6,63","6,72","6,96","7,1","7,11","7,13","7,15","7,16",,,,,,
RLS267,267,Lebak,Banten,"5,34","5,58","5,7","5,81","5,84","5,86","6,19","6,2","6,21","6,31","6,4","6,41","6,59","6,6","6,61",,,,,,
RLS268,268,Tangerang,Banten,"7,85","7,96","8,07","8,18","8,2","8,22","8,23","8,24","8,27","8,28","8,39","8,61","8,92","8,93","9,06",,,,,,
RLS269,269,Serang,Banten,"6,07","6,31","6,57","6,65","6,69","6,9","6,98","7,17","7,18","7,33","7,5","7,51","7,78","7,79","7,88",,,,,,
RLS270,270,Kota Tangerang,Banten,"9,64","9,75","9,76","9,82","10,2","10,2","10,28","10,29","10,51","10,65","10,69","10,83","10,84","10,91","11,14",,,,,,
RLS271,271,Kota Cilegon,Banten,"8,71","8,93","9,29","9,6","9,66","9,67","9,68","9,69","9,73","9,74","9,87","10,08","10,34","10,38","10,39",,,,,,
RLS272,272,Kota Serang,Banten,"8,32","8,39","8,48","8,56","8,58","8,59","8,6","8,61","8,62","8,67","8,76","8,89","8,9","8,91","8,93",,,,,,
RLS273,273,Kota Tangerang Selatan,Banten,-,"10,87","11,09","11,48","11,56","11,57","11,58","11,77","11,78","11,8","11,81","11,82","11,84","11,85","11,86",,,,,,
RLS274,274,Jembrana,Bali,"7,05","7,23","7,25","7,27","7,3","7,54","7,59","7,62","7,95","8,22","8,23","8,35","8,64","8,65","8,7",,,,,,
RLS275,275,Tabanan,Bali,"7,6","7,68","7,76","7,83","7,91","8,07","8,1","8,43","8,64","8,87","8,88","9,14","9,15","9,35","9,57",,,,,,
RLS276,276,Badung,Bali,"8,8","8,96","9,07","9,18","9,29","9,44","9,9","9,99","10,06","10,38","10,39","10,62","10,64","10,9","11,14",,,,,,
RLS277,277,Gianyar,Bali,"7,5","7,73","7,99","8,24","8,28","8,49","8,86","8,87","8,92","8,94","9,04","9,29","9,55","9,8","9,84",,,,,,
RLS278,278,Klungkung,Bali,"6,6","6,68","6,81","6,88","6,9","6,98","7,06","7,46","7,75","8,12","8,13","8,14","8,46","8,48","8,74",,,,,,
RLS279,279,Bangli,Bali,"5,93","5,97","6,01","6,35","6,38","6,41","6,44","6,8","7,13","7,16","7,17","7,18","7,47","7,57","7,58",,,,,,
RLS280,280,Karangasem,Bali,"4,55","4,6","5,22","5,34","5,39","5,42","5,48","5,52","5,97","6,31","6,32","6,33","6,67","6,68","6,7",,,,,,
RLS281,281,Buleleng,Bali,"6,23","6,39","6,51","6,63","6,66","6,77","6,85","7,03","7,04","7,08","7,24","7,25","7,56","7,57","7,69",,,,,,
RLS282,282,Kota Denpasar,Bali,"10,44","10,59","10,82","10,9","10,96","11,02","11,14","11,15","11,16","11,23","11,47","11,48","11,5","11,52","11,53",,,,,,
RLS283,283,Lombok Barat,Nusa Tenggara Barat,"4,72","4,98","5,15","5,38","5,63","5,69","5,93","6,15","6,16","6,37","6,41","6,42","6,6","6,87","6,88",,,,,,
RLS284,284,Lombok Tengah,Nusa Tenggara Barat,"4,55","4,96","5,2","5,36","5,52","5,54","5,6","5,95","5,96","6,27","6,28","6,29","6,44","6,61","6,73",,,,,,
RLS285,285,Lombok Timur,Nusa Tenggara Barat,"5,14","5,61","5,78","5,94","6,06","6,15","6,26","6,32","6,45","6,69","6,7","6,71","7,04","7,12","7,36",,,,,,
RLS286,286,Sumbawa,Nusa Tenggara Barat,"6,84","7,1","7,14","7,19","7,31","7,52","7,53","7,54","7,72","7,91","7,92","8,15","8,21","8,52","8,59",,,,,,
RLS287,287,Dompu,Nusa Tenggara Barat,7,"7,06","7,35","7,4","7,45","7,83","8,1","8,11","8,12","8,4","8,44","8,72","8,73","8,97","9,04",,,,,,
RLS288,288,Bima,Nusa Tenggara Barat,"6,55","6,74","6,93","7,12","7,29","7,36","7,45","7,58","7,59","7,77","7,78","7,91","8,17","8,29","8,3",,,,,,
RLS289,289,Sumbawa Barat,Nusa Tenggara Barat,"6,75","6,94","7,14","7,28","7,44","7,68","8,05","8,18","8,24","8,53","8,66","8,72","8,9","8,98","8,99",,,,,,
RLS290,290,Lombok Utara,Nusa Tenggara Barat,"4,23","4,43","4,63","4,89","4,97","5,22","5,47","5,54","5,81","5,84","5,91","6,04","6,3","6,39","6,4",,,,,,
RLS291,291,Kota Mataram,Nusa Tenggara Barat,"8,15","8,47","8,61","9,04","9,04","9,05","9,25","9,32","9,43","9,45","9,46","9,54","9,55","9,56","9,58",,,,,,
RLS292,292,Kota Bima,Nusa Tenggara Barat,"9,12","9,14","9,3","9,46","9,58","9,96","10,13","10,14","10,3","10,38","10,49","10,65","10,94","10,95","10,96",,,,,,
RLS293,293,Sumba Barat,Nusa Tenggara Timur,"6,16","6,23","6,3","6,37","6,38","6,44","6,45","6,51","6,52","6,53","6,6","6,84","6,85","6,92","7,17",,,,,,
RLS294,294,Sumba Timur,Nusa Tenggara Timur,"5,82","5,86","5,92","5,98","6,14","6,31","6,48","6,73","6,74","6,86","7,12","7,32","7,33","7,57","7,77",,,,,,
RLS295,295,Kupang,Nusa Tenggara Timur,"6,12","6,66","6,68","6,71","6,84","6,88","6,93","7,1","7,11","7,37","7,38","7,39","7,41","7,42","7,62",,,,,,
RLS296,296,Timor Tengah Selatan,Nusa Tenggara Timur,"5,39","5,53","5,73","5,94","5,98","6,26","6,27","6,39","6,47","6,72","6,73","6,74","6,76","6,97","7,21",,,,,,
RLS297,297,Timor Tengah Utara,Nusa Tenggara Timur,"6,03","6,06","6,14","6,22","6,69","6,87","7,13","7,14","7,26","7,51","7,81","7,96","7,97","8,16","8,17",,,,,,
RLS298,298,Belu,Nusa Tenggara Timur,"5,8","6,01","6,21","6,95","7,03","7,05","7,06","7,07","7,08","7,11","7,35","7,36","7,38","7,39","7,5",,,,,,
RLS299,299,Alor,Nusa Tenggara Timur,"6,84","6,99","6,99","7,68","7,74","7,75","7,76","7,77","7,81","8,09","8,41","8,42","8,43","8,45","8,61",,,,,,
RLS300,300,Lembata,Nusa Tenggara Timur,"6,36","6,6","6,75","7,07","7,44","7,51","7,52","7,58","7,95","8,21","8,22","8,23","8,25","8,26","8,27",,,,,,
RLS301,301,Flores Timur,Nusa Tenggara Timur,"6,27","6,34","6,55","6,74","6,86","6,98","6,99","7,12","7,42","7,7","7,71","7,72","7,79","8,04","8,06",,,,,,
RLS302,302,Sikka,Nusa Tenggara Timur,"5,87","6,09","6,32","6,49","6,53","6,54","6,55","6,56","6,69","6,71","6,94","6,95","6,96","6,98","6,99",,,,,,
RLS303,303,Ende,Nusa Tenggara Timur,"6,67","6,96",7,"7,03","7,3","7,37","7,38","7,63","7,79","7,8","7,81","8,03","8,09","8,2","8,29",,,,,,
RLS304,304,Ngada,Nusa Tenggara Timur,"6,92","7,1","7,29","7,47","7,51","7,6","7,61","7,85","8,07","8,37","8,52","8,53","8,54","8,82","8,83",,,,,,
RLS305,305,Manggarai,Nusa Tenggara Timur,"6,28","6,37","6,6","6,76","6,79","6,81","6,97","6,98","7,26","7,27","7,37","7,61","7,62","7,63","7,91",,,,,,
RLS306,306,Rote Ndao,Nusa Tenggara Timur,"5,52","5,68","5,96","6,11","6,16","6,45","6,67","6,98","7,24","7,29","7,59","7,71","7,76","7,82","7,83",,,,,,
RLS307,307,Manggarai Barat,Nusa Tenggara Timur,"6,34","6,34","6,35","6,65","6,8","6,81","6,82","7,14","7,18","7,19","7,3","7,56","7,8","7,94","8,21",,,,,,
RLS308,308,Sumba Tengah,Nusa Tenggara Timur,"4,62","4,93",5,"5,07","5,1","5,12","5,21","5,51","5,76","5,96","6,25","6,47","6,73",7,"7,23",,,,,,
RLS309,309,Sumba Barat Daya,Nusa Tenggara Timur,"5,42","5,6","5,78","5,97","6,01","6,29","6,3","6,31","6,32","6,33","6,34","6,35","6,37","6,38","6,39",,,,,,
RLS310,310,Nagekeo,Nusa Tenggara Timur,"6,42","6,51","6,74","6,98","7,14","7,33","7,34","7,52","7,82","7,83","7,89","7,9","7,91","8,14","8,23",,,,,,
RLS311,311,Manggarai Timur,Nusa Tenggara Timur,"5,91","5,98","6,01","6,04","6,42","6,43","6,44","6,45","6,65","6,87","7,08","7,35","7,42","7,7","7,96",,,,,,
RLS312,312,Sabu Raijua,Nusa Tenggara Timur,-,"4,7","4,9","5,24","5,54","5,56","5,68","6,02","6,06","6,33","6,65","6,66","6,77","6,98","6,99",,,,,,
RLS313,313,Malaka,Nusa Tenggara Timur,-,-,-,"5,64","6,07","6,08","6,31","6,32","6,6","6,86","6,87","7,1","7,12","7,13","7,14",,,,,,
RLS314,314,Kota Kupang,Nusa Tenggara Timur,"10,5","10,9","11,06","11,35","11,41","11,43","11,44","11,45","11,46","11,47","11,58","11,6","11,61","11,62","11,64",,,,,,
RLS315,315,Sambas,Kalimantan Barat,"5,11","5,23","5,35","5,48","5,8","6,13","6,42","6,67","6,68","6,7","6,71","6,72","6,74","6,75","6,76",,,,,,
RLS316,316,Bengkayang,Kalimantan Barat,"5,82","5,84","5,86","5,96","5,97","5,98","6,08","6,09","6,27","6,53","6,76","6,8",7,"7,22","7,41",,,,,,
RLS317,317,Landak,Kalimantan Barat,"6,09","6,72","6,85","6,99","7,05","7,06","7,07","7,08","7,09","7,1","7,11","7,12","7,15","7,24","7,46",,,,,,
RLS318,318,Mempawah,Kalimantan Barat,"5,62","5,77","6,13","6,15","6,33","6,45","6,46","6,47","6,63","6,82","7,03","7,04","7,17","7,2","7,21",,,,,,
RLS319,319,Sanggau,Kalimantan Barat,"6,16","6,24","6,31","6,35","6,37","6,74","6,92","6,93","6,94","6,95","7,15","7,39","7,41","7,44","7,47",,,,,,
RLS320,320,Ketapang,Kalimantan Barat,"5,47","5,87","6,09","6,17","6,22","6,56","6,68","7,03","7,04","7,26","7,31","7,46","7,48","7,55","7,68",,,,,,
RLS321,321,Sintang,Kalimantan Barat,"5,45","5,79","6,04","6,26","6,63","6,7","6,71","6,72","6,73","6,89","7,07","7,08","7,36","7,64","7,65",,,,,,
RLS322,322,Kapuas Hulu,Kalimantan Barat,"5,9","6,13","6,36","6,6","6,65",7,"7,01","7,02","7,25","7,47","7,52","7,53","7,59","7,82","8,03",,,,,,
RLS323,323,Sekadau,Kalimantan Barat,"5,7","5,85",6,"6,16","6,54","6,55","6,56","6,57","6,58","6,6","6,83","6,85","7,12","7,13","7,23",,,,,,
RLS324,324,Melawi,Kalimantan Barat,"5,46","5,53","5,67","5,81",6,"6,42","6,52","6,53","6,66","6,67","6,76","6,91","7,18","7,42","7,66",,,,,,
RLS325,325,Kayong Utara,Kalimantan Barat,"4,36","4,53","5,07","5,14","5,19","5,37","5,84","5,85","5,86",6,"6,01","6,02","6,21","6,35","6,54",,,,,,
RLS326,326,Kubu Raya,Kalimantan Barat,"5,85","5,87","6,01","6,16","6,41","6,56","6,57","6,58","6,81","6,82","6,83",7,"7,02","7,04","7,05",,,,,,
RLS327,327,Kota Pontianak,Kalimantan Barat,"8,82","8,87","9,12","9,36","9,62","9,77","9,78","9,79","9,9","10,14","10,17","10,43","10,44","10,45","10,47",,,,,,
RLS328,328,Kota Singkawang,Kalimantan Barat,"7,03","7,06","7,08","7,14","7,26","7,28","7,29","7,3","7,57","7,72","7,89","7,9","8,19","8,21","8,22",,,,,,
RLS329,329,Kotawaringin Barat,Kalimantan Tengah,"7,48","7,48","7,49","7,58","7,82","8,01","8,05","8,35","8,36","8,41","8,42","8,53","8,54","8,66","8,77",,,,,,
RLS330,330,Kotawaringin Timur,Kalimantan Tengah,"7,29","7,39","7,48","7,59","7,69","7,7","7,88","7,89","7,9","8,12","8,13","8,15","8,16","8,17","8,18",,,,,,
RLS331,331,Kapuas,Kalimantan Tengah,"6,75","6,79","6,82","6,84","6,94","6,94","7,09","7,5","7,51","7,52","7,59","7,6","7,64","7,84","7,93",,,,,,
RLS332,332,Barito Selatan,Kalimantan Tengah,"7,71","7,8","8,01","8,16","8,27","8,59","8,6","8,67","8,69","8,71","8,82","8,95","9,01","9,13","9,22",,,,,,
RLS333,333,Barito Utara,Kalimantan Tengah,"7,43","7,55","7,74","7,97",8,"8,33","8,34","8,35","8,59","8,6","8,71","8,85","8,9","8,91","8,92",,,,,,
RLS334,334,Sukamara,Kalimantan Tengah,"6,62","6,67","7,04","7,21","7,3","7,81","7,82","7,83","7,84","7,91","8,01","8,09","8,1","8,17","8,18",,,,,,
RLS335,335,Lamandau,Kalimantan Tengah,"6,92","7,21","7,38","7,55","7,67","7,68","7,79","7,94","7,95","8,38","8,42","8,43","8,53","8,67","8,82",,,,,,
RLS336,336,Seruyan,Kalimantan Tengah,"6,66","6,76","6,76","6,9","7,03","7,45","7,49","7,75","7,76","7,93","7,94","7,96","7,99",8,"8,01",,,,,,
RLS337,337,Katingan,Kalimantan Tengah,"7,66","8,13","8,15","8,17","8,23","8,62","8,63","8,64","8,65","8,66","8,67","8,68","8,78","8,85","8,95",,,,,,
RLS338,338,Pulang Pisau,Kalimantan Tengah,"7,18","7,2","7,29","7,55","7,58","7,59","7,66","7,67","7,7","8,08","8,18","8,19","8,26","8,27","8,42",,,,,,
RLS339,339,Gunung Mas,Kalimantan Tengah,"8,57","8,57","8,65","8,73","8,74","8,93","8,94","8,96","8,97","9,03","9,14","9,18","9,24","9,25","9,37",,,,,,
RLS340,340,Barito Timur,Kalimantan Tengah,"8,31","8,43","8,75","8,98","9,01","9,02","9,03","9,04","9,05","9,2","9,21","9,23","9,32","9,45","9,54",,,,,,
RLS341,341,Murung Raya,Kalimantan Tengah,"7,06","7,09","7,12","7,15","7,18","7,36","7,37","7,38","7,45","7,46","7,54","7,61","7,66","7,81","7,94",,,,,,
RLS342,342,Kota Palangka Raya,Kalimantan Tengah,"10,13","10,27","10,48","10,69","10,73","10,74","11,02","11,03","11,42","11,51","11,52","11,53","11,55","11,65","11,66",,,,,,
RLS343,343,Tanah Laut,Kalimantan Selatan,"6,8","6,87","7,07","7,26","7,27","7,29","7,3","7,37","7,38","7,64","7,88","7,89","7,9","7,92","7,94",,,,,,
RLS344,344,Kotabaru,Kalimantan Selatan,"6,25","6,26","6,52","6,76","6,8","6,99","7,02","7,18","7,19","7,42","7,43","7,46","7,47","7,55","7,56",,,,,,
RLS345,345,Banjar,Kalimantan Selatan,"6,86","6,89","6,93","6,96","6,96","6,99",7,"7,28","7,29","7,34","7,35","7,52","7,71","7,94","7,95",,,,,,
RLS346,346,Barito Kuala,Kalimantan Selatan,"5,69","5,92","6,24","6,42","6,47","6,81","7,06","7,08","7,32","7,33","7,34","7,55","7,63","7,74","7,92",,,,,,
RLS347,347,Tapin,Kalimantan Selatan,"6,62","6,73","6,84","6,99","7,17","7,43","7,44","7,53","7,54","7,75","7,76","7,77","7,95","8,05","8,15",,,,,,
RLS348,348,Hulu Sungai Selatan,Kalimantan Selatan,"7,04","7,05","7,05","7,05","7,21","7,67","7,68","7,71","7,72","7,74","7,75","7,76","7,79","7,86","8,09",,,,,,
RLS349,349,Hulu Sungai Tengah,Kalimantan Selatan,"6,87","6,87","6,9","6,94","7,27","7,52","7,53","7,79","7,8","7,99",8,"8,01","8,28","8,29","8,35",,,,,,
RLS350,350,Hulu Sungai Utara,Kalimantan Selatan,"6,23","6,27","6,44","6,61","6,63","6,73",7,"7,19","7,36","7,37","7,53","7,75","7,76","7,77","7,78",,,,,,
RLS351,351,Tabalong,Kalimantan Selatan,"7,43","7,5","7,57","7,92","7,95","8,24","8,32","8,56","8,57","8,78","9,1","9,11","9,12","9,14","9,15",,,,,,
RLS352,352,Tanah Bumbu,Kalimantan Selatan,"6,69","6,77","7,04","7,21","7,26","7,38","7,66","7,67","7,7","7,71","7,96","7,97","8,25","8,3","8,43",,,,,,
RLS353,353,Balangan,Kalimantan Selatan,"5,95","6,08","6,21","6,23","6,36","6,46","6,71","7,03","7,04","7,27","7,55","7,69","7,85","8,03","8,13",,,,,,
RLS354,354,Kota Banjarmasin,Kalimantan Selatan,"8,51","8,68","9,23","9,79","9,88","9,9","9,91","9,92","9,93","9,94","9,95","10,2","10,21","10,24","10,35",,,,,,
RLS355,355,Kota Banjar Baru,Kalimantan Selatan,"9,92","10,28","10,48","10,69","10,74","10,75","10,76","10,77","10,93","10,94","10,95","10,96","10,98","10,99",11,,,,,,
RLS356,356,Paser,Kalimantan Timur,"7,48","7,6","7,78","7,96","7,99","8,12","8,19","8,2","8,22","8,54","8,55","8,79","8,8","8,91","8,92",,,,,,
RLS357,357,Kutai Barat,Kalimantan Timur,"7,26","7,46","7,53","7,89","7,98","8,02","8,03","8,06","8,07","8,34","8,47","8,7","8,78","8,85","8,89",,,,,,
RLS358,358,Kutai Kartanegara,Kalimantan Timur,"7,68","8,13","8,35","8,41","8,46","8,68","8,71","8,83","8,84","9,1","9,22","9,23","9,24","9,26","9,27",,,,,,
RLS359,359,Kutai Timur,Kalimantan Timur,"7,92","8,12","8,39","8,56","8,6","8,69","8,72","9,06","9,08","9,18","9,19","9,43","9,44","9,45","9,47",,,,,,
RLS360,360,Berau,Kalimantan Timur,"7,91","8,25","8,34","8,52","8,53","8,62","8,78","8,96","8,98","9,25","9,52","9,53","9,54","9,56","9,57",,,,,,
RLS361,361,Penajam Paser Utara,Kalimantan Timur,"6,87","7,07","7,09","7,3","7,46","7,59","7,6","7,95","8,03","8,16","8,28","8,36","8,51","8,53","8,57",,,,,,
RLS362,362,Mahakam Ulu,Kalimantan Timur,-,-,-,"6,86","7,15","7,36","7,37","7,68","7,69","7,89","7,97","8,18","8,36","8,49","8,5",,,,,,
RLS363,363,Kota Balikpapan,Kalimantan Timur,"10,02","10,16","10,29","10,39","10,41","10,44","10,54","10,55","10,65","10,67","10,68","10,91","10,92","10,93","10,99",,,,,,
RLS364,364,Kota Samarinda,Kalimantan Timur,"9,42","9,97",10,"10,2","10,26","10,31","10,33","10,34","10,46","10,47","10,48","10,49","10,71","10,93","10,95",,,,,,
RLS365,365,Kota Bontang,Kalimantan Timur,"10,21","10,22","10,28","10,34","10,35","10,38","10,39","10,7","10,72","10,73","10,79","10,8","10,81","10,92","10,97",,,,,,
RLS366,366,Malinau,Kalimantan Utara,"7,13","7,43","7,75","8,27","8,27","8,29","8,56","8,88","9,04","9,05","9,39","9,4","9,41","9,43","9,63",,,,,,
RLS367,367,Bulungan,Kalimantan Utara,"7,64","7,65","7,88","7,9","8,27","8,29","8,43","8,75","8,92","8,93","8,94","9,19","9,2","9,21","9,23",,,,,,
RLS368,368,Tana Tidung,Kalimantan Utara,"7,13","7,37","7,62","7,79","7,84","7,85","8,11","8,23","8,49","8,53","8,54","8,8","8,97","9,04","9,24",,,,,,
RLS369,369,Nunukan,Kalimantan Utara,"6,83","6,92","7,01","7,07","7,21","7,22","7,57","7,65","7,73","7,81",8,"8,17","8,24","8,26","8,39",,,,,,
RLS370,370,Kota Tarakan,Kalimantan Utara,"8,99","9,06","9,16","9,28","9,9","9,91","9,92","9,93","9,94","9,96","9,97","9,98","10,08","10,36","10,37",,,,,,
RLS371,371,Bolaang Mongondow,Sulawesi Utara,"6,74","6,84","6,99","7,03","7,13","7,14","7,3","7,38","7,59","7,77","7,93","8,03","8,17","8,36","8,38",,,,,,
RLS372,372,Minahasa,Sulawesi Utara,"8,89","8,95","9,06","9,16","9,53","9,54","9,54","9,55","9,56","9,58","9,59","9,73","9,82","10,11","10,23",,,,,,
RLS373,373,Kepulauan Sangihe,Sulawesi Utara,"7,02","7,08","7,13","7,14","7,34","7,5","7,7","7,89","7,9","8,04","8,29","8,34","8,49","8,64","8,65",,,,,,
RLS374,374,Kepulauan Talaud,Sulawesi Utara,"8,48","8,48","8,5","8,71","8,73","8,82","8,92","8,93",9,"9,25","9,51","9,72","9,73","9,91","9,96",,,,,,
RLS375,375,Minahasa Selatan,Sulawesi Utara,"7,93","8,03","8,14","8,25","8,47","8,7","8,71","8,72","8,84","8,85","9,08","9,09","9,19","9,41","9,43",,,,,,
RLS376,376,Minahasa Utara,Sulawesi Utara,"8,76","8,97","8,99","8,99","9,07","9,23","9,24","9,32","9,61","9,93","9,99",10,"10,18","10,3","10,35",,,,,,
RLS377,377,Bolaang Mongondow Utara,Sulawesi Utara,"6,85","7,01","7,17","7,34","7,51","7,52","7,67","7,86","8,11","8,12","8,4","8,41","8,57","8,58","8,61",,,,,,
RLS378,378,Siau Tagulandang Biaro,Sulawesi Utara,"7,83","7,92","8,01","8,09","8,18","8,34","8,45","8,56","8,57","8,75","8,97","9,03","9,21","9,25","9,43",,,,,,
RLS379,379,Minahasa Tenggara,Sulawesi Utara,"8,07","8,12","8,18","8,24","8,37","8,38","8,39","8,51","8,82","8,87","8,88","9,11","9,12","9,13","9,14",,,,,,
RLS380,380,Bolaang Mongondow Selatan,Sulawesi Utara,"6,79","6,87","6,96","7,45","7,68","7,7","7,71","7,72","7,73","7,8","7,9","8,15","8,16","8,17","8,28",,,,,,
RLS381,381,Bolaang Mongondow Timur,Sulawesi Utara,"6,66","6,86","7,02","7,17","7,28","7,38","7,52","7,53","7,57","7,59","7,83","7,93","8,09","8,27","8,29",,,,,,
RLS382,382,Kota Manado,Sulawesi Utara,"10,19","10,68","10,74","10,8","11,01","11,02","11,02","11,03","11,04","11,26","11,27","11,42","11,43","11,44","11,46",,,,,,
RLS383,383,Kota Bitung,Sulawesi Utara,"8,84","8,93","9,03","9,15","9,26","9,28","9,37","9,64","9,65","9,87","9,88","9,89","9,91","9,94","9,96",,,,,,
RLS384,384,Kota Tomohon,Sulawesi Utara,"9,44","9,66","9,83",10,"10,2","10,22","10,23","10,24","10,25","10,48","10,73","10,74","10,75","10,99","11,03",,,,,,
RLS385,385,Kota Kotamobagu,Sulawesi Utara,"8,9","9,11","9,32","9,56","9,75","9,75","9,97","9,98","10,04","10,09","10,1","10,31","10,32","10,33","10,35",,,,,,
RLS386,386,Banggai Kepulauan,Sulawesi Tengah,"7,2","7,26","7,32","7,38","7,39","7,73","7,94","7,99","8,14","8,19","8,43","8,44","8,46","8,62","8,7",,,,,,
RLS387,387,Banggai,Sulawesi Tengah,"6,78","7,05","7,44","7,63","7,71","7,72","7,73","7,92","8,06","8,24","8,52","8,53","8,54","8,63","8,81",,,,,,
RLS388,388,Morowali,Sulawesi Tengah,"7,47","7,77","7,82","7,87","7,97","8,38","8,49","8,73","8,98","9,11","9,33","9,34","9,35","9,37","9,38",,,,,,
RLS389,389,Poso,Sulawesi Tengah,8,"8,32","8,37","8,42","8,49","8,52","8,67","8,81","9,04","9,36","9,41","9,5","9,52","9,53","9,54",,,,,,
RLS390,390,Donggala,Sulawesi Tengah,"7,29","7,44","7,6","7,76","7,8","7,81","7,82","7,84","7,85","7,86","7,97","7,98","7,98","7,99",8,,,,,,
RLS391,391,Toli-Toli,Sulawesi Tengah,"7,02","7,27","7,36","7,65","7,69","7,72","7,73","7,85","7,96","8,26","8,51","8,76","8,76","8,77","8,91",,,,,,
RLS392,392,Buol,Sulawesi Tengah,"7,78","7,87","7,97","8,04","8,3","8,32","8,62","8,63","8,74","8,75","8,86","9,08","9,08","9,09","9,2",,,,,,
RLS393,393,Parigi Moutong,Sulawesi Tengah,"6,29","6,59","6,64","6,68","6,71","6,72","6,87","6,98","7,18","7,47","7,48","7,74","7,77","8,04","8,05",,,,,,
RLS394,394,Tojo Una-Una,Sulawesi Tengah,"6,72","6,89","7,06","7,23","7,62","7,65","7,87","7,9","8,16","8,38","8,39","8,4","8,41","8,51","8,56",,,,,,
RLS395,395,Sigi,Sulawesi Tengah,"7,49","7,68","7,87","8,07","8,11","8,13","8,21","8,22","8,43","8,53","8,6","8,82","8,84","9,03","9,04",,,,,,
RLS396,396,Banggai Laut,Sulawesi Tengah,-,-,-,"7,74","7,82","7,82","7,94","8,21","8,44","8,51","8,62","8,63","8,63","8,64","8,65",,,,,,
RLS397,397,Morowali Utara,Sulawesi Tengah,-,-,-,"7,91","8,14","8,15","8,16","8,39","8,58","8,7","8,71","8,72","8,75","8,94","9,13",,,,,,
RLS398,398,Kota Palu,Sulawesi Tengah,"10,72","10,86",11,"11,14","11,17","11,24","11,25","11,26","11,33","11,6","11,61","11,72","11,73","11,74","11,75",,,,,,
RLS399,399,Kepulauan Selayar,Sulawesi Selatan,"6,66","6,74","6,82","6,9","7,1","7,16","7,17","7,18","7,4","7,63","7,88","8,08","8,09","8,35","8,49",,,,,,
RLS400,400,Bulukumba,Sulawesi Selatan,"6,58","6,59","6,61","6,63","6,66","6,68","6,86","7,16","7,34","7,43","7,67","7,82","8,01","8,26","8,52",,,,,,
RLS401,401,Bantaeng,Sulawesi Selatan,"5,47","5,47","5,7","5,92","6,16","6,16","6,17","6,45","6,47","6,48","6,72","6,77","6,81","7,09","7,26",,,,,,
RLS402,402,Jeneponto,Sulawesi Selatan,"5,15","5,24","5,38","5,43","5,63","5,64","5,65","5,98","6,21","6,48","6,59","6,6","6,75",7,"7,01",,,,,,
RLS403,403,Takalar,Sulawesi Selatan,"6,23","6,27","6,3","6,34","6,57","6,57","6,64","6,77","6,91","7,18","7,29","7,49","7,64","7,66","7,73",,,,,,
RLS404,404,Gowa,Sulawesi Selatan,"6,34","6,5","6,52","6,74","6,99","7,24","7,52","7,74","7,75","7,97","8,19","8,2","8,4","8,41","8,53",,,,,,
RLS405,405,Sinjai,Sulawesi Selatan,"6,19","6,44","6,57","6,97","7,03","7,05","7,06","7,28","7,29","7,48","7,75","7,78","7,79","7,8","7,82",,,,,,
RLS406,406,Maros,Sulawesi Selatan,"6,88","7,1","7,12","7,14","7,17","7,19","7,2","7,42","7,43","7,46","7,73","8,01","8,02","8,03","8,05",,,,,,
RLS407,407,Pangkajene dan Kepulauan,Sulawesi Selatan,"6,7","6,74","6,78","7,1","7,31","7,32","7,33","7,48","7,49","7,6","7,66","7,92","8,05","8,31","8,47",,,,,,
RLS408,408,Barru,Sulawesi Selatan,"7,06","7,08","7,11","7,13","7,28","7,6","7,61","7,85","7,86","7,96","8,23","8,24","8,25","8,54","8,8",,,,,,
RLS409,409,Bone,Sulawesi Selatan,"5,71","5,75","5,87","5,91","6,11","6,55","6,76","6,77","6,97","6,98","7,15","7,23","7,36","7,54","7,55",,,,,,
RLS410,410,Soppeng,Sulawesi Selatan,"6,81","6,81","6,81","6,93","7,04","7,05","7,06","7,42","7,63","7,74","7,81","7,82","7,96","8,27","8,45",,,,,,
RLS411,411,Wajo,Sulawesi Selatan,"6,02","6,33","6,33","6,33","6,36","6,37","6,38","6,78","6,79","6,8","6,81","7,05","7,16","7,45","7,46",,,,,,
RLS412,412,Sidenreng Rappang,Sulawesi Selatan,"6,76","6,78","6,8","7,08","7,3","7,32","7,33","7,52","7,79","7,83","7,84","7,94","8,04","8,2","8,21",,,,,,
RLS413,413,Pinrang,Sulawesi Selatan,"7,14","7,24","7,33","7,43","7,45","7,47","7,48","7,54","7,84","7,85","7,86","7,87","8,04","8,3","8,53",,,,,,
RLS414,414,Enrekang,Sulawesi Selatan,"7,16","7,42","7,69","7,92","7,98","8,05","8,06","8,43","8,68","8,89","8,9","8,91","8,93","8,94","9,11",,,,,,
RLS415,415,Luwu,Sulawesi Selatan,"7,07","7,18","7,21","7,36","7,6","7,74","7,75","7,89","7,97","8,15","8,24","8,35","8,48","8,73","8,81",,,,,,
RLS416,416,Tana Toraja,Sulawesi Selatan,"7,63","7,69","7,75","7,8","7,81","7,91","7,92","7,93","7,94","8,02","8,26","8,51","8,52","8,6","8,77",,,,,,
RLS417,417,Luwu Utara,Sulawesi Selatan,"6,48","6,78","6,81","7,02","7,19","7,38","7,39","7,52","7,53","7,78","7,79","7,86","7,87","8,14","8,37",,,,,,
RLS418,418,Luwu Timur,Sulawesi Selatan,"7,49","7,61","7,7","7,78","7,8","7,87","7,88","8,2","8,45","8,54","8,8","8,81","8,92","8,93","8,94",,,,,,
RLS419,419,Toraja Utara,Sulawesi Selatan,"6,62","7,05","7,22","7,56","7,7","7,71","7,72","7,73","7,76","7,92","7,96","8,25","8,26","8,51","8,54",,,,,,
RLS420,420,Kota Makasar,Sulawesi Selatan,"10,23","10,24","10,42","10,61","10,64","10,77","11,07","11,08","11,09","11,2","11,21","11,43","11,55","11,56","11,57",,,,,,
RLS421,421,Kota Parepare,Sulawesi Selatan,"9,28","9,46","9,68","9,89","9,95","10,01","10,02","10,09","10,29","10,3","10,45","10,65","10,66","10,7","10,88",,,,,,
RLS422,422,Kota Palopo,Sulawesi Selatan,"9,77","9,83","9,89","9,95","9,96","10,25","10,26","10,33","10,51","10,75","10,76","10,94","11,09","11,13","11,16",,,,,,
RLS423,423,Buton,Sulawesi Tenggara,"6,07","6,27","6,47","6,57","6,68","6,82","7,06","7,22","7,5","7,51","7,71","7,92","8,25","8,49","8,63",,,,,,
RLS424,424,Muna,Sulawesi Tenggara,"6,78","6,78","6,87","6,96","7,05","7,33","7,66","7,89","8,19","8,35","8,36","8,46","8,52","8,53","8,71",,,,,,
RLS425,425,Konawe,Sulawesi Tenggara,"7,85","8,17","8,28","8,39","8,58","8,59","8,6","8,77","8,94","9,14","9,15","9,21","9,3","9,56","9,69",,,,,,
RLS426,426,Kolaka,Sulawesi Tenggara,"7,47","7,58","7,74","7,9","8,17","8,18","8,19","8,31","8,57","8,76","8,98","8,99","9,06","9,35","9,38",,,,,,
RLS427,427,Konawe Selatan,Sulawesi Tenggara,"6,96","7,01","7,07","7,24","7,49","7,7","7,71","7,72","7,73","7,74","7,86","8,11","8,27","8,51","8,76",,,,,,
RLS428,428,Bombana,Sulawesi Tenggara,"6,61","6,8","6,98","7,21","7,5","7,51","7,52","7,53","7,54","7,74","8,03","8,04","8,05","8,07","8,1",,,,,,
RLS429,429,Wakatobi,Sulawesi Tenggara,"6,18","6,85","7,08","7,53","7,68","7,69","7,7","7,71","7,72","7,73","7,94","8,16","8,5","8,51","8,53",,,,,,
RLS430,430,Kolaka Utara,Sulawesi Tenggara,"6,74","7,13","7,24","7,35","7,46","7,48","7,49","7,5","7,67","7,86","8,12","8,22","8,54","8,81","8,82",,,,,,
RLS431,431,Buton Utara,Sulawesi Tenggara,"6,66","6,82","7,09","7,83","7,91","7,92","7,92","8,18","8,54","8,75","8,92","8,93","9,11","9,12","9,24",,,,,,
RLS432,432,Konawe Utara,Sulawesi Tenggara,"7,97","8,03","8,09","8,15","8,22","8,24","8,41","8,62","8,81","8,97","9,21","9,3","9,53","9,6","9,61",,,,,,
RLS433,433,Kolaka Timur,Sulawesi Tenggara,-,-,-,"6,29","6,3","6,39","6,65","6,9","7,18","7,35","7,56","7,84","8,15","8,4","8,43",,,,,,
RLS434,434,Konawe Kepulauan,Sulawesi Tenggara,-,-,-,"8,69","8,7","8,71","8,8","8,9","9,17","9,18","9,41","9,42","9,43","9,45","9,46",,,,,,
RLS435,435,Muna Barat,Sulawesi Tenggara,-,-,-,-,"6,22","6,23","6,24","6,48","6,76","6,77","7,01","7,3","7,6","7,86","8,09",,,,,,
RLS436,436,Buton Tengah,Sulawesi Tenggara,-,-,-,-,"6,59","6,79","7,01","7,02","7,28","7,29","7,3","7,31","7,33","7,34","7,35",,,,,,
RLS437,437,Buton Selatan,Sulawesi Tenggara,-,-,-,-,"6,35","6,55","6,81","7,06","7,07","7,32","7,53","7,54","7,64","7,65","7,75",,,,,,
RLS438,438,Kota Kendari,Sulawesi Tenggara,"10,43","10,91","11,18","11,57","11,65","11,66","11,67","11,68","11,69","11,94","12,2","12,51","12,52","12,53","12,55",,,,,,
RLS439,439,Kota Baubau,Sulawesi Tenggara,"9,02","9,1","9,18","9,26","9,48","9,8","9,89","9,9","10,13","10,37","10,64","10,91","10,92","11,02","11,03",,,,,,
RLS440,440,Boalemo,Gorontalo,"5,79","5,91","6,01","6,12","6,15","6,23","6,3","6,38","6,53","6,54","6,82",7,"7,03","7,3","7,31",,,,,,
RLS441,441,Gorontalo,Gorontalo,"6,13","6,19","6,25","6,31","6,53","6,63","6,64","6,81","6,83","7,11","7,13","7,3","7,61","7,79","7,95",,,,,,
RLS442,442,Pohuwato,Gorontalo,"5,88","6,17","6,26","6,53","6,54","6,62","6,67","6,84","6,85","7,1","7,12","7,26","7,35","7,59","7,78",,,,,,
RLS443,443,Bone Bolango,Gorontalo,"7,23","7,23","7,45","7,67","7,7","7,73","7,81","7,84","8,04","8,07","8,31","8,32","8,33","8,35","8,52",,,,,,
RLS444,444,Gorontalo Utara,Gorontalo,"5,68","5,93","6,07","6,53","6,59","6,61","6,62","6,68","6,72","6,74","7,03","7,15","7,16","7,17","7,4",,,,,,
RLS445,445,Kota Gorontalo,Gorontalo,"9,55","9,77",10,"10,24","10,28","10,29","10,3","10,32","10,34","10,35","10,36","10,37","10,39","10,4","10,41",,,,,,
RLS446,446,Majene,Sulawesi Barat,"7,39","7,49","7,59","7,7","7,72","7,74","7,81","8,14","8,25","8,52","8,65","8,91","9,1","9,28","9,46",,,,,,
RLS447,447,Polewali Mandar,Sulawesi Barat,"6,41","6,5","6,59","6,67","6,76","6,77","6,89","7,09","7,24","7,4","7,41","7,44","7,6","7,71","7,72",,,,,,
RLS448,448,Mamasa,Sulawesi Barat,"6,54","6,69","6,84","6,89","6,92","6,92","6,98","7,1","7,22","7,37","7,65","7,88",8,"8,11","8,13",,,,,,
RLS449,449,Mamuju,Sulawesi Barat,"6,49","6,59","6,7","6,8","6,91","6,94","7,21","7,26","7,53","7,69","7,95","7,96","8,09","8,16","8,35",,,,,,
RLS450,450,Mamuju Utara / Pasangkayu,Sulawesi Barat,"6,9","6,93","6,96","7,12","7,15","7,3","7,47","7,48","7,68","7,92","7,98","8,09","8,11","8,12","8,13",,,,,,
RLS451,451,Mamuju Tengah,Sulawesi Barat,-,-,-,"6,31","6,49","6,86","7,1","7,13","7,23","7,24","7,46","7,51","7,61","7,73","7,94",,,,,,
RLS452,452,Maluku Tenggara Barat / Kepulauan Tanimbar,Maluku,"8,27","8,29","8,57","8,86","8,88","8,98","8,99","9,18","9,39","9,55","9,68","9,69","9,77","9,91","9,92",,,,,,
RLS453,453,Maluku Tenggara,Maluku,"8,39","8,4","8,45","8,51","8,71","9,05","9,17","9,27","9,49","9,5","9,73","9,76","9,78","9,79","9,84",,,,,,
RLS454,454,Maluku Tengah,Maluku,"8,36","8,37","8,37","8,48","8,88","8,89","9,18","9,29","9,3","9,64","9,67","9,68","9,76","9,78","9,79",,,,,,
RLS455,455,Buru,Maluku,"6,22","6,59","6,75","6,91","7,15","7,43","7,67","7,99","8,32","8,46","8,52","8,79","8,99","9,01","9,02",,,,,,
RLS456,456,Kepulauan Aru,Maluku,"7,79","7,92","7,92","7,93","7,98","8,13","8,39","8,4","8,7","8,71","8,82","8,83","8,87","8,97","9,21",,,,,,
RLS457,457,Seram Bagian Barat,Maluku,"7,72","8,05","8,3","8,37","8,42","8,42","8,43","8,47","8,85","8,86","8,87","8,92","9,24","9,35","9,59",,,,,,
RLS458,458,Seram Bagian Timur,Maluku,"6,66","6,69","6,71","6,9","6,97","7,3","7,53","7,84","8,02","8,22","8,43","8,46","8,71","8,82",9,,,,,,
RLS459,459,Maluku Barat Daya,Maluku,"7,17","7,31","7,31","7,32","7,6","7,61","7,85","7,99",8,"8,14","8,35","8,59","8,77","8,92","9,13",,,,,,
RLS460,460,Buru Selatan,Maluku,"5,56","5,7",6,"6,31","6,62","6,95","6,96","7,13","7,42","7,7","7,94","7,95","8,06","8,23","8,48",,,,,,
RLS461,461,Kota Ambon,Maluku,"10,78",11,"11,21","11,44","11,61","11,63","11,64","11,65","11,66","11,91","11,92","12,2","12,21","12,22","12,24",,,,,,
RLS462,462,Kota Tual,Maluku,"9,22","9,33","9,43","9,54","9,65","9,67","9,76","9,87","10,18","10,26","10,52","10,53","10,54","10,66","10,67",,,,,,
RLS463,463,Halmahera Barat,Maluku Utara,"7,08","7,2","7,36","7,55","7,71","7,77","7,86","7,87","7,88","8,12","8,35","8,37","8,57","8,58","8,59",,,,,,
RLS464,464,Halmahera Tengah,Maluku Utara,"7,04","7,2","7,28","7,69","7,74","7,85","8,14","8,37","8,65","8,79",9,"9,01","9,02","9,19","9,2",,,,,,
RLS465,465,Kepulauan Sula,Maluku Utara,"6,92","7,01","7,42","7,86","7,91","7,95","7,96","8,33","8,57","8,73","8,95",9,"9,02","9,04","9,17",,,,,,
RLS466,466,Halmahera Selatan,Maluku Utara,"6,87","6,91","6,95","6,99","7,03","7,15","7,42","7,43","7,62","7,92","7,93","8,1","8,16","8,17","8,42",,,,,,
RLS467,467,Halmahera Utara,Maluku Utara,"7,72","7,82","7,92","7,97","7,98","8,06","8,35","8,36","8,37","8,38","8,51","8,62","8,63","8,65","8,67",,,,,,
RLS468,468,Halmahera Timur,Maluku Utara,"6,76","6,92","7,02","7,33","7,34","7,57","7,77","7,89","7,97","8,06","8,26","8,27","8,52","8,66","8,88",,,,,,
RLS469,469,Pulau Morotai,Maluku Utara,-,"6,58","6,7","6,81","6,84","6,84","6,88","6,89","6,96","7,1","7,39","7,4","7,42","7,55","7,73",,,,,,
RLS470,470,Pulau Taliabu,Maluku Utara,-,-,-,"7,39","7,4","7,41","7,42","7,43","7,44","7,46","7,66","7,67","7,94","7,97","7,99",,,,,,
RLS471,471,Kota Ternate,Maluku Utara,"10,3","10,53","10,58","11,06","11,11","11,12","11,13","11,25","11,26","11,58","11,71","11,81","12,06","12,07","12,08",,,,,,
RLS472,472,Kota Tidore Kepulauan,Maluku Utara,"8,21","8,27","8,44","8,61","8,72","8,91","9,11","9,39","9,63","9,64","9,73","9,95","9,96","9,97","10,12",,,,,,
RLS473,473,Fakfak,Papua Barat,"7,64","7,95","7,96","7,97","8,09","8,12","8,22","8,27","8,51","8,64","8,84","8,97","9,08","9,17","9,32",,,,,,
RLS474,474,Kaimana,Papua Barat,"6,7","6,91","7,13","7,36","7,61","7,65","7,83","7,9","8,09","8,28","8,41","8,58","8,74","8,8","8,97",,,,,,
RLS475,475,Teluk Wondama,Papua Barat,"6,29","6,33","6,36","6,43","6,5","6,52","6,57","6,67","6,75","6,87","6,98","7,08","7,2","7,27","7,38",,,,,,
RLS476,476,Teluk Bintuni,Papua Barat,"6,7","6,84","6,98","7,28","7,44","7,45","7,57","7,62","7,77","7,95","8,08","8,22","8,35","8,51","8,67",,,,,,
RLS477,477,Manokwari,Papua Barat,"7,26","7,37","7,47","7,58","7,7","7,75","7,85","7,92","8,04","8,16","8,25","8,34","8,45","8,54","8,67",,,,,,
RLS478,478,Sorong Selatan,Papua Barat,"6,29","6,39","6,5","6,64","6,75","6,84","6,95","7,01","7,15","7,26","7,36","7,49","7,58","7,62",-,,,,,,
RLS479,479,Sorong,Papua Barat,"6,21","6,51","6,79","7,06","7,14","7,46","7,57","7,61","7,83","8,02","8,17","8,33","8,52","8,61",-,,,,,,
RLS480,480,Raja Ampat,Papua Barat,"5,97","6,52","6,58","7,16","7,32","7,39","7,53","7,57","7,63","7,8","7,91","8,02","8,16","8,24",-,,,,,,
RLS481,481,Tambrauw,Papua Barat,-,"4,15","4,27","4,4","4,53","4,61","4,7","4,81","4,94","5,07","5,24","5,39","5,64","5,71",-,,,,,,
RLS482,482,Maybrat,Papua Barat,-,"5,89","5,91","5,92","5,96","6,22","6,33","6,43","6,53","6,67","6,85","6,96","7,19","7,32",-,,,,,,
RLS483,483,Manokwari Selatan,Papua Barat,-,-,-,"6,12","6,2","6,21","6,32","6,37","6,48","6,57","6,63","6,63","6,9","6,96","7,17",,,,,,
RLS484,484,Pegunungan Arfak,Papua Barat,-,-,-,"4,79","4,85","4,86","4,9","4,91","4,97","5,08","5,12","5,12","5,34","5,51","5,72",,,,,,
RLS485,485,Kota Sorong,Papua Barat,"10,28","10,36","10,59","10,82","10,86","10,87","10,91","10,92","10,93","11,05","11,14","11,19","11,32","11,5",-,,,,,,
RLS486,486,Raja Ampat,Papua Barat Daya,-,-,-,-,-,-,-,-,-,-,-,-,-,-,"8,4",,,,,,
RLS487,487,Sorong,Papua Barat Daya,-,-,-,-,-,-,-,-,-,-,-,-,-,-,"8,74",,,,,,
RLS488,488,Sorong Selatan,Papua Barat Daya,-,-,-,-,-,-,-,-,-,-,-,-,-,-,"7,76",,,,,,
RLS489,489,Maybrat,Papua Barat Daya,-,-,-,-,-,-,-,-,-,-,-,-,-,-,"7,44",,,,,,
RLS490,490,Tambrauw,Papua Barat Daya,-,-,-,-,-,-,-,-,-,-,-,-,-,-,"5,89",,,,,,
RLS491,491,Kota Sorong,Papua Barat Daya,-,-,-,-,-,-,-,-,-,-,-,-,-,-,"11,57",,,,,,
RLS492,492,Merauke,Papua,"7,6","7,74","7,88","8,03","8,23","8,24","8,26","8,27","8,49","8,56","8,72","8,73","9,04","9,25",-,,,,,,
RLS493,493,Jayawijaya,Papua,"3,92","4,26","4,31","4,36","4,39","4,59","4,74","4,99","5,17","5,3","5,51","5,6","5,74","5,98",-,,,,,,
RLS494,494,Jayapura,Papua,"8,3","8,67","9,05","9,33","9,41","9,48","9,53","9,54","9,6","9,79","10,04","10,05","10,27","10,32","10,57",,,,,,
RLS495,495,Nabire,Papua,"8,37","8,58","8,8","8,87","9,45","9,47","9,48","9,49","9,53","9,7",10,"10,01","10,16","10,33",-,,,,,,
RLS496,496,Kepulauan Yapen,Papua,"8,23","8,28","8,32","8,37","8,68","8,8","8,81","8,82","9,07","9,19","9,46","9,47","9,69","9,7","9,71",,,,,,
RLS497,497,Biak Numfor,Papua,"8,81","8,92","8,93","8,99","9,61","9,83","9,84","9,85",10,"10,22","10,33","10,34","10,53","10,54","10,55",,,,,,
RLS498,498,Paniai,Papua,"3,52","3,59","3,66","3,73","3,74","3,76","3,77","3,94","4,2","4,38","4,57","4,77","4,78","4,79",-,,,,,,
RLS499,499,Puncak Jaya,Papua,"1,98","2,24","2,53","2,86","3,04","3,19","3,38","3,5","3,51","3,61","3,62","3,74","4,03","4,23",-,,,,,,
RLS500,500,Mimika,Papua,"8,7","8,72","8,75","8,83","9,3","9,38","9,53","9,54","9,76","9,91","10,17","10,18","10,2","10,47",-,,,,,,
RLS501,501,Boven Digoel,Papua,"6,8","7,02","7,24","7,47","7,5","7,72","7,82","8,08","8,32","8,55","8,78","8,79","9,03","9,25",-,,,,,,
RLS502,502,Mappi,Papua,"5,3","5,46","5,71","5,92","5,96","5,97","5,98","6,1","6,29","6,3","6,31","6,51","6,78","6,95",-,,,,,,
RLS503,503,Asmat,Papua,"4,18","4,23","4,28","4,33","4,34","4,38","4,48","4,71","4,74","4,82","4,94","5,08","5,36","5,58",-,,,,,,
RLS504,504,Yahukimo,Papua,"1,78",2,"2,94","3,78","3,97","3,98","3,99",4,"4,01","4,02","4,26","4,27","4,28","4,34",-,,,,,,
RLS505,505,Pegunungan Bintang,Papua,"1,54","1,64","1,76","1,88","1,97","2,06","2,19","2,32","2,49","2,61","2,81","3,04","3,23","3,37",-,,,,,,
RLS506,506,Tolikara,Papua,"2,46","2,76","2,88",3,"3,04","3,06","3,21","3,5","3,62","3,63","3,64","3,65","3,67","3,68",-,,,,,,
RLS507,507,Sarmi,Papua,"5,93","6,35",7,"7,27","7,89","8,07","8,08","8,34","8,52","8,53","8,82","8,83","9,15","9,36","9,61",,,,,,
RLS508,508,Keerom,Papua,"4,88","5,23","5,52","6,45","6,57","6,85","7,24","7,57","7,83",8,"8,01","8,02","8,31","8,57","8,58",,,,,,
RLS509,509,Waropen,Papua,8,"8,31","8,4","8,5","8,53","8,55","8,66","8,67","8,87","9,18","9,2","9,21","9,4","9,41","9,42",,,,,,
RLS510,510,Supiori,Papua,"7,26","7,52","7,78","8,06","8,11","8,12","8,13","8,14","8,39","8,6","8,81","8,87","9,09","9,2","9,21",,,,,,
RLS511,511,Mamberamo Raya,Papua,"4,15","4,24","4,33","4,42","4,44","4,61","4,89","5,23","5,46","5,65","5,66","5,87","6,12","6,28","6,49",,,,,,
RLS512,512,Nduga,Papua,"0,25","0,37","0,49","0,6","0,63","0,64","0,7","0,71","0,85","0,97","1,13","1,42","1,58","1,71",-,,,,,,
RLS513,513,Lanny Jaya,Papua,2,"2,11","2,35","2,55","2,6","2,75","2,92","3,17","3,18","3,19","3,2","3,43","3,59","3,71",-,,,,,,
RLS514,514,Mamberamo Tengah,Papua,"2,08","2,12","2,15","2,18","2,4","2,49","2,57","2,67","2,78","2,9","3,15","3,33","3,48","3,63",-,,,,,,
RLS515,515,Yalimo,Papua,"1,54","1,76","1,78","1,8","2,07","2,08","2,19","2,25","2,44","2,58","2,79","3,01","3,19","3,34",-,,,,,,
RLS516,516,Puncak,Papua,"1,05","1,21","1,37","1,4","1,43","1,61","1,78","1,94","1,95","1,96","2,15","2,16","2,17","2,19",-,,,,,,
RLS517,517,Dogiyai,Papua,"3,4","3,61","4,44","4,76","4,87","4,88","4,89","4,9","4,91","4,92","4,93","4,94","4,96","4,97",-,,,,,,
RLS518,518,Intan Jaya,Papua,-,"2,02","2,09","2,16","2,32","2,48","2,49","2,5","2,51","2,64","2,84","3,09","3,26","3,27",-,,,,,,
RLS519,519,Deiyai,Papua,-,"2,16","2,51","2,87","2,95","2,96","2,97","2,98","2,99",3,"3,01","3,25","3,26","3,27",-,,,,,,
RLS520,520,Kota Jayapura,Papua,"10,62","10,71","10,8","10,88","11,09","11,11","11,14","11,15","11,3","11,55","11,56","11,57","11,74","11,84","12,07",,,,,,
RLS521,521,Merauke,Papua Selatan,-,-,-,-,-,-,-,-,-,-,-,-,-,-,"9,37",,,,,,
RLS522,522,Boven Digoel,Papua Selatan,-,-,-,-,-,-,-,-,-,-,-,-,-,-,"9,42",,,,,,
RLS523,523,Mappi,Papua Selatan,-,-,-,-,-,-,-,-,-,-,-,-,-,-,"7,16",,,,,,
RLS524,524,Asmat,Papua Selatan,-,-,-,-,-,-,-,-,-,-,-,-,-,-,"5,82",,,,,,
RLS525,525,Mimika,Papua Tengah,-,-,-,-,-,-,-,-,-,-,-,-,-,-,"10,72",,,,,,
RLS526,526,Dogiyai,Papua Tengah,-,-,-,-,-,-,-,-,-,-,-,-,-,-,"4,98",,,,,,
RLS527,527,Deiyai,Papua Tengah,-,-,-,-,-,-,-,-,-,-,-,-,-,-,"3,29",,,,,,
RLS528,528,Nabire,Papua Tengah,-,-,-,-,-,-,-,-,-,-,-,-,-,-,"10,42",,,,,,
RLS529,529,Paniai,Papua Tengah,-,-,-,-,-,-,-,-,-,-,-,-,-,-,"4,81",,,,,,
RLS530,530,Intan Jaya,Papua Tengah,-,-,-,-,-,-,-,-,-,-,-,-,-,-,"3,28",,,,,,
RLS531,531,Puncak,Papua Tengah,-,-,-,-,-,-,-,-,-,-,-,-,-,-,"2,39",,,,,,
RLS532,532,Puncak Jaya,Papua Tengah,-,-,-,-,-,-,-,-,-,-,-,-,-,-,"4,42",,,,,,
RLS533,533,Nduga,Papua Pegunungan,-,-,-,-,-,-,-,-,-,-,-,-,-,-,"1,92",,,,,,
RLS534,534,Jayawijaya,Papua Pegunungan,-,-,-,-,-,-,-,-,-,-,-,-,-,-,"5,99",,,,,,
RLS535,535,Lanny Jaya,Papua Pegunungan,-,-,-,-,-,-,-,-,-,-,-,-,-,-,"3,83",,,,,,
RLS536,536,Tolikara,Papua Pegunungan,-,-,-,-,-,-,-,-,-,-,-,-,-,-,"3,69",,,,,,
RLS537,537,Mamberamo Tengah,Papua Pegunungan,-,-,-,-,-,-,-,-,-,-,-,-,-,-,"3,7",,,,,,
RLS538,538,Yalimo,Papua Pegunungan,-,-,-,-,-,-,-,-,-,-,-,-,-,-,"3,55",,,,,,
RLS539,539,Yahukimo,Papua Pegunungan,-,-,-,-,-,-,-,-,-,-,-,-,-,-,"4,35",,,,,,
RLS540,540,Pegunungan Bintang,Papua Pegunungan,-,-,-,-,-,-,-,-,-,-,-,-,-,-,"3,51",,,,,,